timestamp, path, status, responseTime
2022-11-21T00:14:08.518Z,api/connections?supplierId=4&clientId=16,200,1705
2023-01-03T21:59:54.825Z,api/connections?limit=4&offset=16&supplierId=3&clientId=12,200,63
2022-11-18T20:04:41.501Z,api/connections?offset=1&supplierId=6&clientId=6,200,158
2023-01-14T20:38:21.747Z,api/connections?offset=13&clientId=16,200,664
2022-12-18T07:22:13.652Z,api/suppliers?offset=17&clientId=11,400,1859
2023-01-26T00:26:41.912Z,api/forms?clientId=13,200,1306
2023-01-10T16:06:16.756Z,api/suppliers?limit=2&supplierId=3&clientId=8,400,72
2023-01-26T10:33:06.041Z,api/suppliers?supplierId=18&clientId=14,400,1904
2022-11-19T22:53:47.115Z,api/forms?offset=11&supplierId=3&clientId=8,400,643
2022-12-09T23:12:42.091Z,api/suppliers?limit=19&offset=7&clientId=14,200,370
2023-01-07T10:17:02.016Z,api/connections?limit=9&offset=10&supplierId=4&clientId=12,200,1963
2022-12-05T02:06:59.324Z,api/suppliers?supplierId=4&clientId=0,400,2679
2022-11-26T01:20:21.636Z,api/forms?supplierId=19&clientId=11,400,2839
2023-01-12T07:12:15.555Z,api/suppliers?limit=8&offset=15&clientId=14,400,43
2022-12-20T16:34:19.054Z,api/forms?offset=1&supplierId=13&clientId=1,400,2040
2022-12-30T06:03:19.058Z,api/suppliers?limit=12&supplierId=0&clientId=9,200,304
2022-12-18T21:56:06.990Z,api/suppliers?limit=0&offset=7&supplierId=18&clientId=6,200,2843
2022-12-12T09:54:24.458Z,api/connections?offset=6&supplierId=3&clientId=6,400,1480
2022-12-22T12:48:26.072Z,api/forms?supplierId=8&clientId=6,400,1374
2022-12-28T21:29:09.859Z,api/suppliers?limit=17&clientId=11,200,2249
2022-12-07T07:47:50.472Z,api/connections?limit=1&offset=19&clientId=16,400,1085
2023-01-19T00:15:27.843Z,api/connections?offset=8&supplierId=11&clientId=0,200,1475
2023-01-14T00:41:12.178Z,api/forms?limit=3&supplierId=15&clientId=8,200,2371
2023-01-02T09:30:46.801Z,api/connections?limit=17&offset=9&supplierId=6&clientId=2,400,763
2022-12-05T16:34:20.352Z,api/connections?supplierId=1&clientId=15,400,13
2022-11-26T10:59:52.276Z,api/forms?limit=7&supplierId=6&clientId=1,400,232
2022-11-11T14:03:53.469Z,api/suppliers?limit=2&offset=3&clientId=17,200,1743
2022-12-16T04:19:27.347Z,api/connections?offset=3&clientId=7,200,1382
2022-12-05T02:08:41.505Z,api/suppliers?offset=9&clientId=10,400,2689
2022-12-28T10:32:07.074Z,api/forms?limit=13&offset=13&supplierId=10&clientId=2,200,683
2022-11-21T00:56:23.919Z,api/forms?limit=19&offset=15&supplierId=17&clientId=2,400,762
2022-12-09T08:02:48.133Z,api/connections?clientId=19,200,2793
2022-12-14T17:53:33.067Z,api/suppliers?clientId=4,200,1002
2022-11-20T05:34:51.204Z,api/connections?clientId=6,200,1596
2022-11-16T00:01:27.084Z,api/suppliers?offset=12&supplierId=15&clientId=7,400,57
2023-01-23T08:15:43.456Z,api/forms?offset=10&supplierId=12&clientId=9,400,1459
2023-01-23T10:17:12.592Z,api/connections?limit=8&offset=0&clientId=13,400,95
2022-12-13T11:15:37.017Z,api/connections?limit=7&offset=9&supplierId=9&clientId=16,400,1186
2022-12-17T19:43:51.275Z,api/suppliers?offset=8&clientId=0,400,2783
2022-12-10T08:55:10.308Z,api/forms?limit=8&offset=13&supplierId=17&clientId=8,200,113
2022-12-21T20:27:12.081Z,api/suppliers?limit=7&offset=0&clientId=1,200,2623
2022-12-30T16:47:28.857Z,api/connections?offset=5&supplierId=6&clientId=15,200,1562
2023-01-06T08:05:44.649Z,api/forms?limit=2&clientId=5,200,2375
2023-01-01T04:36:16.355Z,api/forms?limit=6&offset=0&clientId=18,400,2590
2023-01-18T20:28:43.092Z,api/connections?limit=3&supplierId=13&clientId=8,400,848
2022-12-09T19:32:53.227Z,api/suppliers?limit=1&clientId=3,400,339
2022-12-11T20:32:35.491Z,api/suppliers?limit=19&offset=0&supplierId=17&clientId=13,400,2782
2022-12-14T18:57:19.894Z,api/suppliers?limit=6&clientId=2,200,1088
2022-12-26T16:50:43.723Z,api/connections?offset=14&supplierId=6&clientId=8,400,2717
2022-12-17T10:40:30.122Z,api/connections?limit=18&offset=1&supplierId=18&clientId=1,400,153
2022-11-26T13:24:42.305Z,api/suppliers?offset=3&supplierId=1&clientId=3,400,49
2022-11-09T07:50:28.923Z,api/forms?limit=4&offset=4&supplierId=17&clientId=5,400,571
2023-01-23T19:32:43.602Z,api/connections?clientId=6,500,1962
2022-12-29T19:33:34.952Z,api/forms?limit=4&offset=1&supplierId=1&clientId=13,500,2314
2022-11-27T15:09:39.815Z,api/connections?offset=0&supplierId=19&clientId=5,200,1765
2023-01-20T12:23:23.293Z,api/forms?offset=11&supplierId=12&clientId=8,200,1397
2022-11-11T02:37:37.115Z,api/suppliers?supplierId=1&clientId=18,200,1071
2022-11-10T06:34:25.283Z,api/forms?offset=4&clientId=10,200,2033
2023-01-14T06:29:12.930Z,api/forms?limit=2&offset=14&clientId=13,200,1479
2023-01-08T10:35:15.726Z,api/suppliers?limit=14&offset=4&clientId=0,400,974
2023-02-03T10:11:40.037Z,api/forms?offset=18&supplierId=18&clientId=2,200,2125
2022-12-26T01:01:35.040Z,api/connections?offset=18&clientId=13,200,671
2022-12-04T16:44:22.011Z,api/suppliers?limit=18&offset=9&supplierId=9&clientId=10,400,2606
2022-12-18T09:42:23.392Z,api/forms?limit=0&clientId=18,200,2083
2022-12-16T08:09:21.972Z,api/forms?offset=2&supplierId=6&clientId=13,200,147
2023-01-14T21:01:00.074Z,api/forms?limit=4&offset=0&supplierId=1&clientId=3,400,1490
2022-11-16T06:25:47.067Z,api/connections?offset=12&supplierId=6&clientId=12,200,1440
2023-01-25T08:03:22.910Z,api/suppliers?limit=19&offset=17&supplierId=15&clientId=6,400,2243
2023-02-02T12:49:48.239Z,api/forms?supplierId=15&clientId=18,200,678
2022-11-10T19:15:20.431Z,api/suppliers?clientId=8,500,2616
2022-12-09T21:01:40.260Z,api/suppliers?supplierId=11&clientId=11,200,1273
2022-12-07T16:14:57.855Z,api/connections?offset=2&clientId=5,400,2891
2023-02-01T12:37:30.982Z,api/connections?limit=18&supplierId=13&clientId=10,200,1875
2023-01-12T00:51:55.544Z,api/connections?offset=13&supplierId=18&clientId=2,200,375
2022-12-15T10:10:14.902Z,api/connections?supplierId=10&clientId=19,200,2757
2023-01-21T17:26:00.217Z,api/connections?limit=2&offset=5&supplierId=3&clientId=12,200,1010
2023-01-04T06:40:22.886Z,api/suppliers?clientId=17,400,2600
2022-11-12T05:19:27.472Z,api/connections?limit=14&clientId=18,400,2065
2022-12-04T06:41:02.003Z,api/connections?offset=0&clientId=10,200,1418
2022-12-13T23:52:44.217Z,api/suppliers?supplierId=3&clientId=17,400,2303
2022-11-19T07:32:05.941Z,api/suppliers?offset=6&clientId=4,200,2566
2023-01-07T17:23:11.077Z,api/connections?limit=11&offset=4&supplierId=3&clientId=5,200,2689
2022-12-22T11:11:09.787Z,api/forms?limit=4&offset=16&supplierId=6&clientId=9,200,790
2022-11-09T11:44:36.916Z,api/connections?offset=15&supplierId=16&clientId=18,200,2367
2022-12-12T15:02:58.779Z,api/connections?clientId=19,200,2481
2022-11-24T20:18:43.081Z,api/forms?limit=2&clientId=18,200,2832
2022-12-14T16:29:51.440Z,api/suppliers?clientId=15,500,2952
2022-11-20T22:58:49.612Z,api/forms?offset=17&supplierId=12&clientId=6,500,269
2022-12-29T02:36:26.416Z,api/forms?offset=0&clientId=4,500,155
2022-12-07T18:40:05.313Z,api/suppliers?limit=17&offset=10&clientId=1,200,2037
2023-01-11T22:17:52.992Z,api/connections?supplierId=7&clientId=5,200,645
2022-11-25T08:57:41.718Z,api/forms?offset=8&supplierId=9&clientId=12,200,1386
2023-01-28T15:03:03.968Z,api/suppliers?limit=18&clientId=11,200,2186
2022-11-10T20:28:24.848Z,api/connections?limit=4&offset=17&clientId=2,200,1813
2022-12-16T05:38:59.683Z,api/suppliers?offset=0&supplierId=14&clientId=7,200,389
2022-12-22T06:43:56.723Z,api/connections?offset=2&clientId=7,200,2805
2023-01-07T16:14:53.827Z,api/connections?limit=3&offset=1&clientId=7,200,1908
2022-11-30T06:15:00.757Z,api/forms?limit=8&supplierId=8&clientId=11,200,2329
2023-01-03T18:41:02.727Z,api/suppliers?limit=9&offset=13&clientId=15,400,433
2022-11-24T23:16:31.562Z,api/forms?limit=1&offset=19&supplierId=3&clientId=14,200,2077
2022-11-07T23:16:14.857Z,api/suppliers?supplierId=11&clientId=3,400,2550
2023-01-26T12:57:19.935Z,api/forms?offset=18&supplierId=3&clientId=14,400,2792
2022-11-16T16:13:02.800Z,api/suppliers?limit=14&clientId=9,500,2785
2023-01-15T07:01:25.449Z,api/forms?offset=9&clientId=9,200,25
2023-01-08T17:20:48.114Z,api/connections?limit=11&offset=18&supplierId=9&clientId=16,200,648
2022-11-18T10:54:19.077Z,api/suppliers?offset=6&clientId=2,500,931
2023-01-29T07:11:22.394Z,api/suppliers?offset=15&clientId=4,200,1896
2023-01-14T03:31:17.766Z,api/forms?limit=11&clientId=14,400,1653
2022-12-02T00:09:34.067Z,api/suppliers?offset=13&supplierId=3&clientId=15,500,1121
2023-01-31T09:23:17.284Z,api/connections?offset=18&supplierId=18&clientId=10,200,481
2023-02-01T01:26:40.928Z,api/suppliers?limit=19&offset=14&supplierId=1&clientId=10,200,2332
2023-02-04T05:16:10.111Z,api/suppliers?limit=15&offset=13&clientId=2,200,1218
2023-01-06T00:17:55.472Z,api/suppliers?supplierId=18&clientId=17,400,1370
2023-01-05T18:20:31.448Z,api/connections?limit=2&offset=17&supplierId=15&clientId=10,200,1560
2023-01-27T14:26:31.666Z,api/suppliers?offset=15&clientId=8,200,2679
2022-11-18T02:32:53.591Z,api/forms?offset=8&supplierId=14&clientId=12,200,2718
2023-01-26T06:38:39.943Z,api/suppliers?limit=5&clientId=19,400,1371
2023-01-17T02:24:56.197Z,api/suppliers?offset=19&clientId=1,500,2807
2022-12-03T04:55:35.258Z,api/forms?offset=18&supplierId=10&clientId=3,400,99
2023-01-11T14:33:34.820Z,api/connections?limit=0&offset=6&supplierId=7&clientId=6,200,1869
2023-02-03T17:09:42.103Z,api/suppliers?supplierId=6&clientId=10,200,2632
2022-12-18T06:01:13.467Z,api/suppliers?limit=10&offset=9&supplierId=6&clientId=9,200,2101
2022-11-28T14:58:14.737Z,api/suppliers?limit=11&offset=11&supplierId=9&clientId=11,200,186
2022-12-03T09:14:43.296Z,api/suppliers?limit=8&offset=8&supplierId=19&clientId=16,400,1038
2022-12-20T07:42:39.084Z,api/connections?limit=11&offset=12&supplierId=17&clientId=2,200,186
2023-01-29T22:02:22.663Z,api/suppliers?limit=0&offset=15&supplierId=16&clientId=3,200,2870
2022-11-16T05:46:30.094Z,api/connections?offset=11&clientId=19,200,1879
2023-01-28T17:39:54.766Z,api/forms?limit=16&offset=9&supplierId=18&clientId=8,200,1923
2022-12-24T13:17:18.166Z,api/connections?limit=19&offset=14&clientId=12,500,2274
2023-01-25T22:50:13.963Z,api/connections?limit=6&offset=7&clientId=15,400,299
2022-12-22T01:02:24.660Z,api/connections?limit=15&supplierId=1&clientId=2,200,2120
2022-11-27T06:20:21.378Z,api/suppliers?limit=4&clientId=9,500,2400
2022-12-19T03:08:05.287Z,api/forms?limit=19&offset=14&supplierId=4&clientId=7,400,1824
2022-12-29T00:04:48.595Z,api/forms?limit=14&offset=4&supplierId=2&clientId=8,200,855
2022-12-22T21:05:48.099Z,api/suppliers?limit=14&clientId=1,400,408
2022-11-14T03:13:55.809Z,api/connections?offset=14&clientId=16,500,2326
2022-11-14T03:10:23.712Z,api/forms?limit=5&supplierId=10&clientId=15,200,1346
2022-11-23T01:22:41.309Z,api/forms?limit=8&offset=17&supplierId=7&clientId=3,200,414
2023-01-20T00:46:20.805Z,api/connections?limit=5&clientId=16,400,2017
2022-11-10T06:55:16.972Z,api/forms?limit=3&offset=1&clientId=6,200,891
2022-12-12T12:12:30.233Z,api/connections?limit=5&offset=4&supplierId=2&clientId=5,400,308
2023-01-24T02:26:01.903Z,api/connections?limit=2&offset=16&supplierId=7&clientId=19,500,2200
2023-01-15T10:15:50.202Z,api/suppliers?limit=4&offset=12&supplierId=12&clientId=2,400,2063
2022-12-15T23:44:39.894Z,api/suppliers?limit=19&offset=1&supplierId=9&clientId=9,200,1243
2022-11-25T11:49:32.660Z,api/suppliers?offset=9&clientId=15,200,2132
2022-12-19T11:09:56.263Z,api/forms?offset=2&clientId=1,200,27
2022-11-29T21:53:43.485Z,api/suppliers?limit=1&offset=10&supplierId=4&clientId=3,500,852
2022-12-13T09:41:45.470Z,api/forms?limit=15&supplierId=4&clientId=8,500,1807
2022-11-13T05:36:15.272Z,api/suppliers?limit=16&offset=12&supplierId=6&clientId=3,400,1001
2022-12-19T05:52:57.351Z,api/forms?limit=19&offset=10&clientId=15,200,2433
2023-01-24T21:31:09.800Z,api/connections?limit=7&offset=11&clientId=10,400,1481
2023-02-02T16:52:09.787Z,api/forms?limit=0&offset=6&clientId=9,200,2870
2022-12-04T18:38:43.824Z,api/forms?limit=17&offset=19&clientId=9,200,1587
2022-11-08T22:26:42.185Z,api/connections?limit=19&offset=5&supplierId=19&clientId=15,200,1169
2022-11-22T01:56:12.403Z,api/connections?offset=3&clientId=17,200,24
2022-11-26T23:41:02.712Z,api/forms?limit=3&offset=11&supplierId=11&clientId=14,200,712
2022-12-09T01:32:48.279Z,api/suppliers?limit=5&offset=15&clientId=12,200,765
2023-01-28T15:07:31.639Z,api/forms?limit=11&offset=10&supplierId=17&clientId=10,400,389
2023-01-21T18:38:18.276Z,api/suppliers?offset=12&clientId=3,400,1989
2022-11-20T08:47:26.138Z,api/connections?offset=18&clientId=4,400,1112
2022-12-13T14:55:56.528Z,api/forms?limit=1&offset=5&supplierId=2&clientId=14,200,1783
2023-01-21T01:00:30.323Z,api/connections?offset=12&supplierId=19&clientId=2,400,1644
2023-01-08T05:53:32.667Z,api/forms?limit=0&offset=3&supplierId=2&clientId=18,200,1493
2022-11-23T05:02:09.822Z,api/forms?offset=19&supplierId=2&clientId=11,400,1229
2022-12-02T02:13:26.852Z,api/connections?clientId=12,400,1644
2023-01-18T14:30:37.856Z,api/connections?limit=2&clientId=8,200,62
2023-01-07T10:51:46.598Z,api/connections?limit=4&offset=3&supplierId=16&clientId=8,200,2566
2022-12-23T18:35:08.018Z,api/suppliers?offset=0&clientId=5,400,2877
2023-02-05T05:12:19.068Z,api/suppliers?supplierId=11&clientId=3,200,2260
2023-01-06T07:28:23.345Z,api/connections?limit=5&offset=9&supplierId=18&clientId=17,200,1127
2022-12-15T06:25:21.598Z,api/suppliers?offset=3&supplierId=17&clientId=12,200,1905
2023-01-09T22:01:06.607Z,api/forms?clientId=4,200,418
2023-01-29T04:26:23.523Z,api/suppliers?limit=1&offset=11&clientId=4,400,1937
2022-11-19T05:55:56.573Z,api/connections?limit=18&offset=17&clientId=3,500,2702
2022-11-20T00:21:28.651Z,api/suppliers?clientId=10,200,1476
2022-11-27T15:16:17.812Z,api/connections?limit=14&clientId=1,200,2507
2023-01-20T19:53:42.447Z,api/forms?limit=1&offset=5&clientId=12,400,2183
2022-12-26T05:37:30.030Z,api/forms?clientId=2,200,1937
2022-12-24T17:55:57.566Z,api/forms?limit=1&offset=12&supplierId=17&clientId=3,500,1824
2022-12-28T13:35:55.427Z,api/forms?limit=14&offset=19&supplierId=7&clientId=3,200,1782
2022-12-22T15:14:30.741Z,api/connections?offset=15&supplierId=16&clientId=5,200,2421
2022-11-16T05:00:00.252Z,api/suppliers?supplierId=9&clientId=8,500,2032
2023-02-04T19:08:05.345Z,api/forms?clientId=15,200,2779
2023-01-04T04:46:56.391Z,api/connections?offset=19&clientId=10,200,2013
2022-12-29T22:28:41.599Z,api/connections?offset=18&supplierId=7&clientId=4,500,1156
2023-01-19T05:35:27.274Z,api/suppliers?offset=10&supplierId=19&clientId=15,200,62
2022-12-28T23:23:07.493Z,api/suppliers?supplierId=13&clientId=5,400,922
2023-01-01T05:22:47.639Z,api/forms?supplierId=9&clientId=12,200,474
2022-11-14T00:34:42.550Z,api/forms?limit=10&clientId=11,500,1122
2022-12-10T03:53:02.248Z,api/connections?offset=16&clientId=16,400,2366
2022-11-28T09:57:58.298Z,api/forms?limit=2&supplierId=14&clientId=14,200,1538
2022-11-16T11:25:42.313Z,api/forms?offset=6&supplierId=4&clientId=16,400,119
2023-01-03T15:44:41.463Z,api/connections?limit=2&offset=8&supplierId=18&clientId=19,400,2700
2023-01-04T02:36:06.966Z,api/suppliers?limit=17&offset=2&supplierId=12&clientId=5,200,408
2023-01-03T03:22:15.671Z,api/forms?limit=7&supplierId=2&clientId=0,400,1350
2023-01-04T13:38:15.435Z,api/forms?limit=17&supplierId=5&clientId=2,200,1792
2022-12-11T10:02:53.843Z,api/connections?offset=14&supplierId=7&clientId=3,500,541
2023-01-21T13:31:06.231Z,api/suppliers?supplierId=19&clientId=12,200,160
2022-11-07T23:44:14.788Z,api/suppliers?offset=1&supplierId=0&clientId=14,400,1273
2022-11-13T19:38:40.550Z,api/connections?supplierId=16&clientId=10,200,1491
2023-01-10T00:05:24.739Z,api/suppliers?offset=11&supplierId=12&clientId=4,200,2138
2022-12-11T21:12:47.559Z,api/connections?offset=10&supplierId=18&clientId=1,400,2801
2022-11-30T18:44:18.068Z,api/forms?limit=2&offset=10&clientId=7,400,1335
2022-12-31T04:59:52.763Z,api/suppliers?limit=8&offset=7&supplierId=0&clientId=12,200,1008
2023-01-31T07:05:06.974Z,api/forms?offset=9&clientId=16,400,1133
2023-01-26T12:06:51.674Z,api/suppliers?limit=18&offset=13&clientId=15,400,795
2022-11-30T21:38:34.898Z,api/forms?limit=0&offset=1&supplierId=12&clientId=14,200,987
2022-12-01T01:17:22.291Z,api/forms?supplierId=2&clientId=15,200,2040
2022-11-08T20:17:53.998Z,api/suppliers?offset=3&supplierId=1&clientId=7,200,656
2022-12-07T20:21:58.209Z,api/connections?offset=6&clientId=0,400,56
2022-11-23T04:56:41.831Z,api/forms?offset=18&clientId=4,400,434
2022-11-23T20:50:56.401Z,api/connections?clientId=18,400,2494
2022-12-25T14:21:10.571Z,api/connections?limit=9&clientId=8,200,2106
2022-12-12T11:40:45.641Z,api/suppliers?limit=4&clientId=9,200,1915
2022-11-08T06:18:40.709Z,api/suppliers?offset=0&supplierId=7&clientId=11,200,2869
2022-11-22T23:08:18.816Z,api/suppliers?offset=17&clientId=16,200,2334
2022-12-30T13:16:24.316Z,api/forms?limit=10&clientId=2,200,561
2023-01-01T04:35:52.199Z,api/suppliers?offset=17&clientId=0,400,522
2022-11-27T10:32:19.292Z,api/suppliers?supplierId=16&clientId=16,400,1301
2023-02-03T01:57:42.230Z,api/connections?clientId=0,200,724
2022-11-19T11:04:25.237Z,api/forms?limit=12&offset=19&supplierId=16&clientId=0,200,1273
2023-01-19T08:33:31.940Z,api/suppliers?limit=5&offset=1&supplierId=11&clientId=6,400,2268
2022-12-22T23:44:10.468Z,api/suppliers?supplierId=15&clientId=2,400,2410
2022-12-09T13:07:21.049Z,api/forms?limit=19&offset=16&clientId=1,500,2322
2022-11-28T09:28:51.119Z,api/forms?limit=14&supplierId=7&clientId=0,200,1769
2022-11-17T16:19:48.746Z,api/suppliers?limit=7&offset=10&supplierId=10&clientId=13,200,2145
2023-01-17T08:16:20.019Z,api/forms?clientId=3,400,430
2022-11-26T23:10:06.310Z,api/forms?limit=4&supplierId=8&clientId=15,200,844
2022-12-11T10:22:51.293Z,api/suppliers?limit=12&offset=0&supplierId=12&clientId=16,500,2101
2023-01-16T12:13:12.655Z,api/suppliers?limit=10&offset=13&supplierId=0&clientId=19,400,230
2022-11-26T19:00:47.935Z,api/forms?limit=5&offset=12&supplierId=15&clientId=19,500,2578
2023-01-08T18:30:08.995Z,api/forms?limit=10&supplierId=11&clientId=14,200,2357
2022-11-27T10:36:37.855Z,api/suppliers?offset=6&clientId=3,200,1326
2022-12-11T08:23:35.879Z,api/suppliers?clientId=15,200,2381
2022-12-30T00:23:00.289Z,api/forms?limit=15&offset=5&clientId=17,200,894
2022-12-24T16:59:08.185Z,api/suppliers?supplierId=9&clientId=13,200,1333
2023-01-24T03:04:06.325Z,api/suppliers?limit=0&supplierId=1&clientId=19,200,2260
2022-11-26T22:10:45.040Z,api/forms?limit=19&offset=16&supplierId=19&clientId=8,200,450
2022-12-12T15:50:08.498Z,api/connections?limit=9&clientId=2,400,2715
2023-01-29T16:24:43.133Z,api/suppliers?supplierId=13&clientId=16,400,558
2022-12-24T18:25:57.748Z,api/forms?limit=8&offset=12&supplierId=2&clientId=7,200,1222
2023-01-14T20:48:58.571Z,api/connections?offset=5&supplierId=1&clientId=12,400,1961
2022-12-12T14:07:02.787Z,api/forms?limit=10&supplierId=13&clientId=14,200,2842
2022-11-15T17:22:13.924Z,api/forms?limit=1&clientId=18,500,1423
2022-12-19T17:43:30.912Z,api/suppliers?limit=10&offset=11&clientId=17,200,2544
2023-01-18T04:49:35.906Z,api/forms?limit=3&offset=6&supplierId=7&clientId=0,500,2330
2022-12-14T15:46:25.504Z,api/connections?offset=11&supplierId=11&clientId=11,400,508
2022-11-16T15:05:03.538Z,api/forms?limit=10&offset=18&clientId=18,500,2115
2022-12-18T23:06:00.496Z,api/connections?supplierId=15&clientId=9,200,644
2022-11-18T07:58:57.362Z,api/connections?offset=8&clientId=7,200,1900
2022-12-21T10:33:59.572Z,api/suppliers?limit=6&offset=18&supplierId=18&clientId=12,200,158
2023-01-25T21:16:20.496Z,api/suppliers?limit=14&clientId=6,200,1882
2023-01-20T08:13:59.866Z,api/suppliers?limit=7&offset=6&clientId=18,400,253
2022-12-09T01:43:57.189Z,api/forms?supplierId=17&clientId=12,200,1926
2022-11-13T01:33:42.486Z,api/connections?supplierId=9&clientId=13,400,1684
2023-01-28T07:25:20.551Z,api/forms?limit=14&offset=19&clientId=8,200,687
2023-01-03T10:14:04.063Z,api/suppliers?limit=3&offset=15&supplierId=11&clientId=8,200,2799
2023-01-15T20:32:18.984Z,api/forms?offset=18&clientId=3,200,2446
2022-11-25T03:07:56.244Z,api/connections?supplierId=2&clientId=8,200,70
2023-01-03T15:42:33.225Z,api/connections?limit=17&offset=8&supplierId=15&clientId=10,200,2095
2023-01-30T02:08:28.367Z,api/forms?supplierId=13&clientId=7,200,1386
2022-11-16T05:12:50.146Z,api/connections?limit=10&offset=15&clientId=6,200,278
2022-11-15T12:23:12.870Z,api/suppliers?limit=1&offset=6&supplierId=1&clientId=19,200,1525
2022-11-12T01:19:45.946Z,api/connections?limit=12&offset=17&supplierId=7&clientId=18,200,1733
2022-12-11T20:57:00.287Z,api/forms?limit=7&supplierId=14&clientId=16,200,2069
2023-01-17T22:25:24.786Z,api/connections?limit=16&supplierId=3&clientId=8,400,1518
2023-01-27T06:49:36.097Z,api/suppliers?limit=3&offset=12&supplierId=18&clientId=2,500,1858
2023-01-03T10:39:21.337Z,api/suppliers?limit=11&offset=10&supplierId=19&clientId=12,400,2419
2022-12-25T12:43:05.070Z,api/suppliers?limit=2&offset=3&clientId=10,400,982
2022-12-30T17:12:22.863Z,api/suppliers?limit=19&offset=2&supplierId=9&clientId=11,200,2379
2023-01-09T03:44:12.660Z,api/forms?offset=4&supplierId=5&clientId=9,200,464
2022-12-16T06:43:57.263Z,api/connections?offset=14&supplierId=8&clientId=6,200,904
2022-12-17T20:46:24.966Z,api/suppliers?offset=2&clientId=3,200,207
2023-01-02T21:11:09.704Z,api/suppliers?limit=3&offset=2&clientId=5,200,1150
2023-01-22T21:30:53.346Z,api/forms?offset=6&clientId=12,200,1163
2023-01-14T14:51:16.580Z,api/connections?limit=16&supplierId=13&clientId=19,200,500
2022-11-25T12:27:51.276Z,api/suppliers?limit=1&offset=2&clientId=13,200,1720
2023-01-03T13:57:33.672Z,api/forms?limit=1&supplierId=1&clientId=4,200,2533
2022-11-26T10:40:34.177Z,api/forms?offset=14&clientId=9,500,2992
2023-02-03T06:58:37.508Z,api/connections?limit=4&clientId=18,400,1788
2023-01-05T14:45:30.476Z,api/forms?supplierId=17&clientId=5,200,2404
2023-02-05T14:25:21.053Z,api/suppliers?offset=12&clientId=5,400,1079
2022-12-16T15:55:56.375Z,api/connections?limit=5&supplierId=15&clientId=7,200,2915
2023-01-10T07:25:21.415Z,api/forms?offset=14&supplierId=10&clientId=15,400,1517
2022-11-21T20:56:29.086Z,api/suppliers?offset=0&supplierId=4&clientId=5,200,678
2022-12-25T19:32:42.072Z,api/forms?limit=15&supplierId=19&clientId=10,200,2651
2022-11-24T13:19:25.686Z,api/forms?limit=7&offset=9&supplierId=17&clientId=0,400,1651
2022-11-27T22:32:55.878Z,api/connections?supplierId=3&clientId=8,400,1969
2022-11-20T06:06:35.147Z,api/forms?limit=1&offset=2&clientId=2,200,2069
2022-12-18T03:12:16.578Z,api/connections?limit=7&offset=18&supplierId=12&clientId=10,400,460
2022-12-30T16:11:26.882Z,api/connections?limit=15&offset=1&supplierId=19&clientId=7,500,1967
2022-12-10T17:51:46.772Z,api/suppliers?offset=4&supplierId=18&clientId=8,200,911
2022-12-03T02:10:09.086Z,api/forms?limit=5&supplierId=19&clientId=8,200,2620
2023-02-04T09:16:37.467Z,api/suppliers?limit=9&offset=12&clientId=6,400,1120
2022-11-11T08:49:10.005Z,api/suppliers?limit=10&offset=10&supplierId=3&clientId=4,400,1604
2023-01-01T23:18:46.240Z,api/suppliers?limit=8&offset=12&supplierId=0&clientId=19,400,583
2022-12-20T00:19:46.792Z,api/suppliers?limit=8&offset=6&supplierId=13&clientId=9,400,64
2023-01-10T01:17:53.397Z,api/suppliers?limit=3&offset=6&clientId=0,500,2522
2022-12-07T23:51:58.757Z,api/connections?limit=13&offset=6&supplierId=5&clientId=18,200,684
2023-01-03T16:38:07.527Z,api/forms?supplierId=12&clientId=7,200,1731
2022-12-10T21:10:06.877Z,api/connections?clientId=7,400,2876
2022-12-29T20:47:15.491Z,api/connections?clientId=3,200,1562
2022-12-20T10:47:21.877Z,api/connections?offset=8&clientId=15,200,2567
2023-01-19T05:46:32.777Z,api/suppliers?offset=10&supplierId=2&clientId=9,200,1911
2023-01-26T13:14:57.031Z,api/forms?offset=19&clientId=7,200,2821
2022-12-09T01:06:43.083Z,api/connections?offset=14&clientId=7,400,1869
2023-02-02T11:28:49.856Z,api/suppliers?offset=15&supplierId=5&clientId=8,400,2956
2022-11-30T21:39:31.078Z,api/forms?limit=7&offset=8&supplierId=2&clientId=3,400,2395
2022-12-21T05:29:41.311Z,api/connections?limit=14&offset=6&clientId=17,500,1154
2022-12-03T04:51:42.131Z,api/suppliers?supplierId=10&clientId=16,200,202
2022-11-27T09:05:38.572Z,api/suppliers?limit=19&offset=1&supplierId=14&clientId=5,400,2018
2022-12-07T06:24:53.227Z,api/connections?limit=14&offset=1&clientId=5,200,472
2023-01-18T10:29:47.185Z,api/forms?limit=6&offset=15&supplierId=10&clientId=9,200,2677
2023-01-04T09:51:45.019Z,api/suppliers?limit=11&supplierId=8&clientId=18,200,1111
2022-12-21T17:13:33.165Z,api/connections?limit=13&offset=4&supplierId=2&clientId=3,200,618
2023-01-17T22:27:20.236Z,api/suppliers?limit=9&offset=9&supplierId=3&clientId=2,400,34
2022-12-03T09:06:12.132Z,api/suppliers?limit=16&offset=13&supplierId=14&clientId=8,400,2564
2023-01-25T06:44:33.688Z,api/suppliers?supplierId=16&clientId=7,400,861
2023-01-29T15:06:10.772Z,api/suppliers?clientId=12,200,36
2022-11-17T21:50:15.124Z,api/suppliers?limit=0&offset=14&supplierId=6&clientId=19,200,1050
2022-12-13T22:09:19.381Z,api/connections?limit=1&clientId=1,400,510
2022-12-31T15:01:36.493Z,api/forms?limit=6&offset=14&supplierId=6&clientId=17,200,1056
2022-11-11T13:44:32.370Z,api/connections?limit=15&clientId=18,200,2318
2023-01-14T06:48:03.973Z,api/connections?supplierId=18&clientId=6,200,2726
2022-11-10T13:14:02.929Z,api/connections?limit=3&offset=1&clientId=12,400,247
2023-01-08T17:15:04.351Z,api/suppliers?limit=11&offset=11&supplierId=13&clientId=15,200,971
2022-12-16T11:51:36.623Z,api/connections?offset=15&clientId=8,400,328
2023-02-04T12:06:46.339Z,api/suppliers?offset=15&clientId=5,200,2974
2022-12-28T01:45:42.937Z,api/forms?offset=0&clientId=15,400,626
2023-01-21T06:47:46.027Z,api/connections?limit=15&offset=17&supplierId=2&clientId=7,200,2877
2022-11-24T03:06:26.198Z,api/connections?limit=12&offset=14&clientId=4,400,1712
2022-12-01T01:44:15.264Z,api/forms?limit=16&clientId=6,200,1591
2023-01-25T17:20:33.540Z,api/connections?offset=9&clientId=4,200,1331
2023-02-01T23:06:10.239Z,api/suppliers?limit=8&clientId=14,200,2070
2022-12-24T13:59:14.626Z,api/suppliers?supplierId=12&clientId=14,200,380
2022-11-10T18:12:12.014Z,api/connections?offset=12&supplierId=18&clientId=12,400,2618
2022-11-20T15:37:34.534Z,api/suppliers?limit=2&offset=5&supplierId=5&clientId=1,400,2163
2023-01-25T12:26:43.334Z,api/suppliers?clientId=11,500,631
2023-01-25T14:21:22.645Z,api/connections?offset=18&supplierId=12&clientId=17,400,2091
2023-01-19T21:12:18.509Z,api/forms?limit=3&offset=0&supplierId=7&clientId=18,400,1040
2023-01-01T12:15:08.711Z,api/forms?offset=19&clientId=16,200,2731
2022-11-28T22:32:39.372Z,api/forms?offset=17&supplierId=1&clientId=6,200,2036
2023-01-31T00:16:26.076Z,api/connections?supplierId=17&clientId=19,200,1264
2023-01-31T20:35:48.604Z,api/connections?limit=17&offset=12&clientId=9,400,1800
2022-12-18T23:48:42.593Z,api/suppliers?offset=18&clientId=1,500,1894
2022-12-01T03:26:26.857Z,api/suppliers?limit=16&offset=7&clientId=7,400,1050
2023-01-10T06:59:30.806Z,api/connections?clientId=3,400,933
2023-01-04T13:39:52.702Z,api/suppliers?offset=18&supplierId=1&clientId=19,200,922
2023-01-02T14:03:44.740Z,api/forms?offset=5&supplierId=17&clientId=8,200,759
2022-12-18T00:42:13.268Z,api/forms?offset=13&supplierId=15&clientId=18,200,376
2022-11-29T14:44:06.140Z,api/suppliers?limit=1&clientId=9,200,2852
2022-12-27T02:40:30.557Z,api/forms?limit=13&supplierId=7&clientId=8,200,2031
2022-12-23T14:29:41.576Z,api/forms?offset=13&supplierId=1&clientId=2,400,127
2023-01-30T23:49:13.692Z,api/suppliers?offset=0&supplierId=3&clientId=10,200,28
2023-01-22T18:33:34.208Z,api/forms?supplierId=16&clientId=3,200,2392
2023-02-05T03:05:39.638Z,api/connections?limit=7&offset=14&supplierId=4&clientId=10,200,313
2023-01-27T11:15:33.311Z,api/connections?limit=19&supplierId=7&clientId=13,200,2855
2023-01-13T01:38:31.734Z,api/forms?offset=13&clientId=8,400,1794
2022-11-18T10:00:02.451Z,api/suppliers?limit=3&offset=15&clientId=8,200,2023
2023-02-03T22:09:05.122Z,api/suppliers?limit=11&offset=19&supplierId=1&clientId=13,400,271
2022-11-11T09:25:30.472Z,api/connections?clientId=19,400,522
2023-01-17T11:18:06.006Z,api/suppliers?limit=19&clientId=14,200,1598
2023-01-29T08:17:39.947Z,api/suppliers?limit=5&clientId=8,200,215
2022-11-19T01:45:07.036Z,api/forms?limit=4&supplierId=18&clientId=2,200,722
2022-12-20T06:11:27.915Z,api/connections?offset=4&supplierId=12&clientId=10,200,2708
2022-11-21T01:21:56.601Z,api/connections?limit=12&offset=5&supplierId=15&clientId=11,200,2732
2022-12-19T16:25:07.210Z,api/suppliers?supplierId=0&clientId=2,400,145
2022-11-30T12:21:29.095Z,api/forms?supplierId=7&clientId=11,200,874
2023-01-23T23:54:41.808Z,api/suppliers?limit=5&clientId=16,400,2525
2023-01-11T04:57:11.689Z,api/connections?offset=10&clientId=8,200,245
2022-11-15T11:41:28.424Z,api/connections?offset=3&supplierId=4&clientId=11,200,1641
2023-01-19T08:26:59.916Z,api/connections?supplierId=12&clientId=18,400,2635
2022-12-07T10:33:10.511Z,api/connections?offset=10&clientId=10,200,2286
2023-01-30T20:19:40.089Z,api/connections?limit=12&supplierId=5&clientId=4,400,2947
2022-11-21T00:08:15.437Z,api/suppliers?limit=6&supplierId=5&clientId=15,400,605
2022-12-30T16:44:52.837Z,api/forms?limit=8&offset=4&clientId=5,400,196
2023-01-09T20:33:27.948Z,api/forms?limit=13&offset=0&supplierId=10&clientId=8,200,1292
2022-11-08T06:17:27.164Z,api/forms?limit=15&clientId=8,200,920
2022-12-09T17:28:08.543Z,api/connections?supplierId=0&clientId=0,500,2672
2022-11-30T13:07:15.392Z,api/forms?offset=19&supplierId=16&clientId=9,200,439
2023-02-04T21:43:10.355Z,api/connections?limit=12&offset=19&clientId=12,400,1794
2022-12-15T07:29:48.310Z,api/forms?offset=19&clientId=1,400,989
2023-01-01T10:15:03.938Z,api/connections?limit=10&supplierId=9&clientId=18,400,1635
2022-12-25T15:11:50.239Z,api/connections?clientId=11,500,1311
2023-01-04T23:43:26.664Z,api/suppliers?limit=6&offset=10&supplierId=16&clientId=14,400,28
2022-11-12T08:03:50.656Z,api/suppliers?limit=14&supplierId=9&clientId=18,200,998
2022-11-16T10:50:56.537Z,api/forms?offset=7&clientId=13,400,1208
2023-01-16T07:39:54.084Z,api/suppliers?limit=2&offset=9&supplierId=17&clientId=8,200,1116
2022-12-14T06:49:26.672Z,api/suppliers?offset=11&supplierId=7&clientId=4,200,668
2022-12-06T07:41:24.355Z,api/connections?supplierId=7&clientId=17,200,2564
2022-11-13T17:40:12.503Z,api/connections?limit=16&offset=14&clientId=18,400,1748
2022-11-22T09:38:14.581Z,api/forms?offset=13&supplierId=16&clientId=8,200,2520
2023-01-21T09:19:20.492Z,api/forms?limit=1&offset=12&supplierId=17&clientId=3,500,1174
2023-01-28T07:40:45.342Z,api/connections?limit=1&offset=11&supplierId=9&clientId=7,400,294
2022-12-03T00:18:13.925Z,api/forms?supplierId=9&clientId=19,400,2841
2022-11-17T18:56:25.702Z,api/suppliers?clientId=17,400,694
2023-01-19T18:53:53.223Z,api/connections?limit=19&supplierId=13&clientId=13,400,2025
2022-11-28T06:06:02.678Z,api/connections?supplierId=5&clientId=10,200,1419
2023-01-19T09:02:36.666Z,api/suppliers?limit=10&offset=3&supplierId=8&clientId=0,200,2571
2022-12-31T02:41:59.578Z,api/suppliers?offset=11&supplierId=14&clientId=4,200,517
2022-12-18T11:56:32.986Z,api/connections?clientId=13,200,1251
2022-11-21T09:38:44.611Z,api/suppliers?limit=3&clientId=15,200,2737
2022-12-05T23:48:18.677Z,api/forms?limit=3&offset=13&clientId=17,400,2872
2022-12-24T02:44:09.208Z,api/connections?limit=13&supplierId=11&clientId=13,200,283
2022-11-26T09:48:54.815Z,api/connections?limit=8&supplierId=19&clientId=2,200,2881
2022-12-09T05:27:55.330Z,api/forms?offset=9&supplierId=6&clientId=9,400,2555
2022-11-21T04:18:29.126Z,api/suppliers?offset=11&clientId=2,200,2918
2023-01-27T10:11:43.499Z,api/suppliers?offset=15&clientId=3,400,2077
2022-12-21T04:12:31.261Z,api/connections?offset=9&supplierId=7&clientId=4,400,242
2022-11-11T02:39:37.761Z,api/connections?clientId=7,200,2975
2022-12-28T11:09:16.134Z,api/connections?limit=10&offset=15&clientId=9,400,1572
2022-11-13T13:34:36.935Z,api/forms?limit=14&offset=6&clientId=16,400,1189
2023-01-12T06:10:38.205Z,api/suppliers?offset=18&clientId=7,200,821
2022-11-14T09:57:11.811Z,api/connections?offset=7&supplierId=3&clientId=2,500,1263
2023-01-07T14:35:30.433Z,api/connections?limit=6&offset=17&supplierId=8&clientId=3,200,116
2022-12-19T16:51:20.890Z,api/forms?limit=7&clientId=1,400,795
2022-12-01T17:17:03.325Z,api/suppliers?limit=2&supplierId=0&clientId=7,200,2827
2023-02-05T08:47:33.354Z,api/suppliers?limit=9&offset=15&supplierId=6&clientId=12,200,1136
2023-01-30T03:28:40.471Z,api/connections?limit=10&offset=11&clientId=4,200,1147
2022-12-31T09:08:55.917Z,api/forms?offset=13&clientId=5,200,2129
2023-02-02T02:28:16.385Z,api/suppliers?supplierId=2&clientId=9,200,2063
2022-11-30T00:09:49.852Z,api/forms?clientId=18,400,2414
2023-01-08T08:55:23.924Z,api/connections?limit=19&supplierId=8&clientId=13,200,2332
2022-12-13T06:48:36.038Z,api/forms?limit=19&offset=10&supplierId=5&clientId=19,400,2545
2022-12-04T11:50:05.123Z,api/connections?offset=14&clientId=1,200,1587
2023-01-23T02:45:15.586Z,api/suppliers?limit=14&offset=9&supplierId=7&clientId=0,200,1541
2023-01-19T01:38:50.831Z,api/suppliers?limit=16&offset=17&supplierId=16&clientId=2,200,2305
2023-01-04T15:44:59.042Z,api/forms?limit=3&offset=13&clientId=10,400,1937
2022-12-12T05:43:02.217Z,api/forms?limit=15&offset=16&supplierId=16&clientId=10,200,2479
2022-11-12T09:59:42.953Z,api/suppliers?offset=19&clientId=3,400,891
2023-01-15T12:35:48.172Z,api/connections?clientId=17,200,1682
2022-11-23T14:07:07.237Z,api/connections?limit=9&offset=3&clientId=2,200,857
2022-11-22T12:34:15.235Z,api/connections?offset=6&supplierId=3&clientId=5,200,1133
2022-12-23T08:12:23.265Z,api/forms?limit=10&offset=13&supplierId=13&clientId=3,200,177
2023-01-13T17:24:31.510Z,api/connections?limit=3&offset=7&clientId=15,500,2966
2022-11-29T12:59:20.495Z,api/suppliers?offset=4&supplierId=14&clientId=11,200,406
2023-02-03T05:02:40.362Z,api/suppliers?offset=18&clientId=19,400,2230
2023-01-13T12:02:51.836Z,api/suppliers?limit=16&clientId=11,200,4
2022-11-21T23:57:48.928Z,api/connections?limit=13&offset=13&clientId=9,200,2793
2022-12-11T09:11:05.774Z,api/forms?offset=4&supplierId=6&clientId=9,200,271
2023-01-25T06:09:06.288Z,api/forms?supplierId=7&clientId=0,200,148
2022-12-08T03:29:06.994Z,api/connections?limit=1&clientId=3,500,1992
2023-01-03T23:49:24.918Z,api/suppliers?limit=6&offset=10&clientId=10,500,2986
2022-11-12T20:11:58.260Z,api/connections?limit=5&offset=14&supplierId=12&clientId=0,400,782
2022-11-29T14:50:41.786Z,api/connections?supplierId=16&clientId=5,400,2307
2022-11-15T03:21:09.182Z,api/connections?limit=11&offset=17&clientId=4,400,2618
2022-12-03T00:40:27.136Z,api/connections?supplierId=0&clientId=18,400,1278
2022-11-07T18:44:54.191Z,api/forms?clientId=13,200,1928
2023-01-17T01:03:42.050Z,api/forms?offset=4&supplierId=9&clientId=17,400,2802
2023-01-07T18:15:22.927Z,api/connections?offset=12&clientId=5,200,1522
2022-12-16T13:46:54.575Z,api/suppliers?limit=10&clientId=14,200,2010
2023-02-04T01:59:18.027Z,api/forms?offset=12&clientId=14,400,2880
2023-02-01T02:09:20.062Z,api/connections?limit=15&supplierId=16&clientId=10,400,1039
2022-12-31T04:25:47.131Z,api/suppliers?limit=6&clientId=13,500,2996
2023-01-23T21:29:42.080Z,api/connections?limit=17&offset=3&supplierId=17&clientId=1,400,2565
2023-01-04T10:53:26.984Z,api/suppliers?limit=1&offset=13&supplierId=13&clientId=10,500,1594
2022-12-22T00:29:52.667Z,api/connections?limit=10&offset=0&supplierId=9&clientId=5,200,2564
2022-12-29T17:48:40.202Z,api/suppliers?limit=4&clientId=8,200,1403
2022-11-30T01:31:08.656Z,api/forms?offset=0&clientId=2,200,2498
2023-01-17T13:38:56.327Z,api/forms?limit=10&offset=6&clientId=9,200,2590
2022-12-09T11:47:42.337Z,api/suppliers?clientId=9,400,276
2022-11-18T16:10:21.388Z,api/connections?limit=4&supplierId=13&clientId=1,400,2847
2022-11-08T03:34:44.354Z,api/suppliers?offset=0&clientId=12,200,1251
2023-01-26T03:02:45.973Z,api/forms?limit=2&offset=14&supplierId=14&clientId=3,500,1034
2023-01-28T21:55:54.065Z,api/suppliers?limit=8&offset=19&clientId=1,400,114
2023-01-16T11:34:30.470Z,api/suppliers?limit=3&offset=11&clientId=19,200,2804
2022-12-13T00:34:18.080Z,api/suppliers?limit=5&offset=3&clientId=15,200,1207
2023-01-14T12:31:11.163Z,api/forms?limit=7&supplierId=0&clientId=9,400,475
2022-12-20T22:43:43.023Z,api/connections?limit=8&offset=17&supplierId=8&clientId=11,400,2982
2022-11-16T10:46:51.590Z,api/connections?limit=2&offset=2&clientId=12,200,1483
2022-11-25T02:13:44.282Z,api/suppliers?limit=5&offset=1&supplierId=18&clientId=13,200,1861
2023-01-08T19:45:54.883Z,api/forms?limit=11&offset=2&supplierId=11&clientId=7,400,932
2023-01-14T02:59:58.847Z,api/forms?limit=18&offset=7&supplierId=13&clientId=6,200,576
2022-11-13T02:16:24.820Z,api/forms?limit=16&supplierId=15&clientId=10,400,2627
2022-12-27T05:50:07.928Z,api/forms?offset=16&clientId=15,200,2298
2022-12-05T12:53:57.782Z,api/suppliers?offset=4&supplierId=8&clientId=7,200,2591
2022-11-09T17:28:36.198Z,api/suppliers?offset=0&supplierId=11&clientId=16,500,1724
2023-01-12T21:03:55.242Z,api/forms?limit=13&offset=14&clientId=11,200,1405
2023-01-21T01:12:45.722Z,api/forms?limit=4&offset=7&supplierId=9&clientId=9,200,2712
2022-12-19T23:59:43.207Z,api/forms?clientId=11,400,694
2022-11-10T18:38:02.593Z,api/suppliers?limit=9&offset=10&clientId=3,400,982
2023-01-10T07:15:47.025Z,api/forms?limit=11&clientId=7,200,1550
2023-01-11T21:41:27.932Z,api/suppliers?limit=5&offset=2&clientId=18,400,2192
2022-12-25T05:27:44.262Z,api/suppliers?offset=1&clientId=5,500,325
2023-01-23T08:06:57.974Z,api/connections?limit=6&supplierId=14&clientId=8,200,1106
2023-01-08T16:22:18.271Z,api/suppliers?offset=5&clientId=15,200,1978
2022-11-08T10:46:12.136Z,api/suppliers?limit=1&offset=8&clientId=7,200,764
2022-11-19T04:30:42.600Z,api/forms?limit=8&clientId=16,400,1667
2023-01-08T21:11:14.416Z,api/connections?limit=0&clientId=19,400,370
2022-12-02T17:29:12.144Z,api/suppliers?limit=8&offset=18&clientId=3,400,399
2023-01-18T20:47:19.558Z,api/suppliers?supplierId=7&clientId=6,500,2370
2022-12-13T17:28:44.564Z,api/forms?limit=5&offset=0&supplierId=3&clientId=4,400,441
2022-12-25T19:13:10.801Z,api/suppliers?supplierId=13&clientId=19,200,857
2022-11-13T07:00:34.386Z,api/suppliers?offset=8&clientId=1,200,869
2023-01-22T05:56:10.617Z,api/connections?supplierId=13&clientId=7,500,1423
2023-02-01T21:31:46.212Z,api/suppliers?limit=8&clientId=5,200,147
2022-11-10T11:21:13.828Z,api/forms?limit=2&supplierId=16&clientId=1,500,1764
2022-11-21T12:29:38.118Z,api/connections?limit=14&offset=1&supplierId=13&clientId=2,400,2925
2023-01-10T23:15:21.564Z,api/suppliers?limit=6&offset=6&supplierId=14&clientId=0,400,2201
2022-12-09T09:24:29.644Z,api/forms?limit=7&offset=18&supplierId=7&clientId=5,400,2842
2022-12-19T15:03:48.125Z,api/forms?offset=6&supplierId=2&clientId=16,200,822
2022-12-13T00:10:18.356Z,api/suppliers?limit=3&offset=19&clientId=13,400,1859
2022-12-27T15:15:50.766Z,api/forms?limit=15&supplierId=17&clientId=19,200,1727
2022-12-30T02:46:57.573Z,api/suppliers?limit=4&supplierId=13&clientId=15,200,39
2022-11-20T20:53:24.669Z,api/connections?clientId=13,200,890
2023-01-16T11:01:30.917Z,api/forms?limit=16&offset=9&clientId=18,200,1076
2022-12-29T10:28:22.766Z,api/connections?limit=8&clientId=3,200,45
2022-12-28T15:03:24.700Z,api/connections?offset=9&supplierId=13&clientId=9,200,1827
2022-12-12T09:14:31.644Z,api/forms?limit=8&offset=12&supplierId=13&clientId=13,200,1952
2022-11-26T03:48:32.264Z,api/forms?limit=19&offset=9&clientId=14,200,2743
2022-11-23T02:41:05.088Z,api/suppliers?limit=8&supplierId=7&clientId=12,200,1023
2023-02-04T14:22:19.336Z,api/forms?limit=19&clientId=9,400,2073
2022-12-10T08:18:04.807Z,api/forms?limit=3&supplierId=7&clientId=5,200,1689
2023-01-19T23:19:50.521Z,api/suppliers?limit=4&supplierId=7&clientId=5,400,1561
2023-02-04T03:40:49.389Z,api/connections?limit=8&supplierId=3&clientId=18,500,504
2023-01-22T14:19:49.122Z,api/forms?limit=3&offset=1&clientId=18,200,2845
2023-01-07T15:25:35.954Z,api/connections?limit=17&offset=5&supplierId=6&clientId=18,400,2937
2023-01-03T04:49:23.762Z,api/suppliers?limit=11&offset=1&clientId=19,500,2205
2023-02-03T21:33:40.913Z,api/forms?supplierId=14&clientId=19,200,586
2023-01-07T02:27:31.347Z,api/connections?clientId=18,200,2663
2022-11-19T01:39:20.732Z,api/forms?limit=0&offset=17&clientId=5,400,2534
2022-12-15T01:29:58.788Z,api/connections?limit=18&offset=2&clientId=9,500,2621
2022-12-11T19:01:22.221Z,api/suppliers?limit=19&offset=4&clientId=6,200,2563
2022-12-11T19:53:17.313Z,api/forms?limit=3&offset=17&clientId=15,400,904
2022-12-02T04:20:38.736Z,api/suppliers?offset=4&supplierId=8&clientId=1,400,1287
2022-11-30T22:50:29.811Z,api/suppliers?limit=8&offset=5&supplierId=12&clientId=2,500,2959
2023-01-08T15:05:41.491Z,api/connections?offset=19&clientId=16,400,2739
2023-01-05T13:31:26.203Z,api/connections?limit=8&clientId=3,400,2642
2022-12-09T16:17:19.929Z,api/connections?limit=7&supplierId=19&clientId=0,200,486
2022-12-23T02:16:06.563Z,api/forms?limit=14&clientId=16,400,1701
2023-01-15T15:54:13.023Z,api/suppliers?limit=10&offset=14&supplierId=14&clientId=4,200,1434
2022-12-07T16:38:13.952Z,api/connections?limit=12&clientId=3,200,1219
2022-12-01T02:54:49.515Z,api/suppliers?offset=7&supplierId=3&clientId=13,200,1510
2022-12-12T19:08:21.003Z,api/connections?limit=9&supplierId=15&clientId=1,200,952
2022-12-11T05:53:50.087Z,api/suppliers?clientId=2,200,1052
2022-12-03T11:29:32.915Z,api/connections?offset=11&supplierId=9&clientId=2,400,343
2022-11-14T23:07:41.752Z,api/connections?limit=13&clientId=6,200,1893
2022-11-20T18:53:33.646Z,api/suppliers?limit=2&offset=15&clientId=13,200,1797
2023-02-01T00:47:08.991Z,api/forms?clientId=16,200,1619
2023-01-29T23:51:31.673Z,api/forms?supplierId=16&clientId=2,400,2207
2022-11-24T07:35:58.081Z,api/suppliers?offset=9&clientId=1,400,1432
2022-11-15T03:52:21.249Z,api/suppliers?offset=0&clientId=0,200,2038
2023-01-24T13:10:33.410Z,api/suppliers?limit=1&clientId=9,500,895
2023-02-04T01:47:30.671Z,api/forms?limit=6&offset=10&clientId=6,400,1223
2022-11-13T12:43:08.611Z,api/forms?limit=11&offset=17&clientId=4,200,1807
2023-01-16T06:55:40.885Z,api/connections?supplierId=15&clientId=7,200,1147
2023-02-01T05:52:32.142Z,api/connections?limit=6&offset=3&supplierId=12&clientId=1,400,2658
2022-12-02T15:53:45.101Z,api/suppliers?clientId=16,200,1030
2022-11-17T08:34:33.421Z,api/forms?offset=13&clientId=7,400,122
2023-01-09T06:34:54.664Z,api/connections?limit=3&clientId=17,200,1952
2022-11-26T21:13:17.554Z,api/connections?limit=14&offset=10&clientId=6,200,200
2023-01-02T18:22:10.576Z,api/suppliers?limit=9&offset=16&supplierId=2&clientId=12,200,101
2022-11-19T10:09:39.105Z,api/connections?offset=7&clientId=7,200,2863
2022-11-29T14:26:04.047Z,api/connections?offset=12&clientId=19,200,501
2023-01-28T01:24:41.121Z,api/connections?limit=6&offset=17&clientId=14,200,912
2022-12-10T14:39:43.522Z,api/connections?supplierId=9&clientId=6,200,1952
2023-01-31T21:00:20.430Z,api/forms?limit=5&offset=6&supplierId=18&clientId=10,400,2592
2023-01-02T14:25:58.064Z,api/forms?limit=18&offset=5&clientId=16,500,2569
2022-11-11T13:57:18.087Z,api/forms?limit=2&offset=14&supplierId=11&clientId=4,200,2395
2022-11-20T08:23:20.256Z,api/forms?limit=6&supplierId=14&clientId=15,200,2362
2022-12-24T04:51:02.385Z,api/connections?clientId=19,500,1153
2022-12-11T14:36:36.453Z,api/suppliers?limit=12&offset=11&supplierId=1&clientId=8,200,2327
2023-01-28T05:40:15.915Z,api/connections?limit=7&clientId=16,200,1821
2023-02-02T08:47:34.432Z,api/connections?offset=12&supplierId=13&clientId=11,400,1942
2023-01-24T18:42:02.894Z,api/suppliers?limit=15&supplierId=16&clientId=10,200,682
2023-02-03T03:31:43.389Z,api/connections?limit=3&supplierId=3&clientId=6,200,446
2023-01-16T23:09:17.442Z,api/suppliers?limit=19&offset=7&clientId=19,400,1798
2023-01-15T10:17:57.181Z,api/forms?clientId=2,200,2407
2022-12-06T17:39:13.868Z,api/suppliers?offset=10&clientId=17,200,1569
2022-12-29T21:51:54.306Z,api/suppliers?offset=2&supplierId=15&clientId=9,200,267
2022-11-09T04:05:55.912Z,api/forms?limit=15&offset=1&clientId=12,200,635
2023-01-27T14:09:34.590Z,api/forms?offset=17&supplierId=12&clientId=13,200,662
2023-01-09T01:27:50.784Z,api/suppliers?limit=0&clientId=15,200,2199
2022-12-06T15:55:30.022Z,api/suppliers?limit=14&clientId=17,200,2303
2022-11-13T19:02:04.350Z,api/suppliers?offset=9&supplierId=7&clientId=17,400,1338
2022-11-10T21:20:41.597Z,api/forms?limit=7&offset=7&supplierId=12&clientId=15,400,2070
2022-11-12T22:58:36.620Z,api/connections?offset=19&clientId=14,200,1050
2022-11-12T01:58:09.793Z,api/connections?limit=12&supplierId=12&clientId=19,400,230
2023-01-19T20:08:06.168Z,api/connections?limit=17&offset=1&supplierId=10&clientId=5,200,667
2022-11-10T20:08:11.250Z,api/connections?offset=3&clientId=2,200,2000
2023-01-11T11:38:35.890Z,api/suppliers?limit=0&offset=16&supplierId=17&clientId=8,200,362
2022-12-23T22:29:23.366Z,api/suppliers?clientId=1,200,1112
2022-11-21T02:40:17.631Z,api/forms?offset=3&supplierId=13&clientId=16,200,1329
2023-01-30T11:47:52.238Z,api/suppliers?clientId=0,200,1929
2023-01-12T07:03:17.474Z,api/suppliers?offset=15&supplierId=1&clientId=19,200,2948
2023-01-02T00:02:27.254Z,api/forms?offset=5&clientId=19,200,47
2023-01-23T12:35:39.290Z,api/connections?supplierId=9&clientId=1,200,522
2022-11-27T16:22:50.101Z,api/forms?offset=11&clientId=5,500,1962
2022-12-04T11:47:30.159Z,api/forms?limit=10&offset=16&supplierId=5&clientId=7,400,2692
2022-12-24T14:27:25.064Z,api/connections?limit=16&supplierId=18&clientId=1,400,1535
2023-02-04T07:59:30.605Z,api/suppliers?limit=12&supplierId=11&clientId=5,400,264
2022-11-15T00:03:14.113Z,api/connections?limit=3&offset=15&clientId=14,200,334
2022-12-07T00:41:44.252Z,api/suppliers?limit=19&offset=10&clientId=5,200,1020
2022-11-16T04:57:30.141Z,api/forms?limit=3&offset=18&supplierId=6&clientId=1,200,101
2022-12-21T09:57:39.805Z,api/suppliers?limit=11&offset=16&supplierId=17&clientId=14,200,1381
2022-11-26T20:36:47.486Z,api/suppliers?limit=3&offset=6&clientId=18,200,939
2022-12-07T19:45:38.726Z,api/suppliers?clientId=5,200,2270
2022-11-08T13:03:48.922Z,api/connections?offset=12&clientId=0,200,2320
2022-12-07T11:32:12.060Z,api/connections?limit=2&offset=5&supplierId=18&clientId=8,400,2779
2022-11-11T15:08:25.853Z,api/suppliers?limit=8&offset=13&supplierId=8&clientId=15,500,2717
2022-12-15T21:01:23.971Z,api/suppliers?offset=0&clientId=1,200,312
2022-12-16T09:48:36.298Z,api/forms?offset=7&clientId=16,200,130
2022-11-24T15:26:26.232Z,api/connections?limit=7&clientId=1,200,442
2023-01-29T04:57:43.445Z,api/forms?offset=4&clientId=15,200,1443
2022-11-08T13:18:41.012Z,api/suppliers?limit=19&offset=13&supplierId=16&clientId=7,200,1281
2022-12-14T11:23:11.724Z,api/suppliers?limit=5&offset=7&clientId=15,200,826
2022-11-17T13:21:31.520Z,api/suppliers?limit=1&offset=11&supplierId=18&clientId=6,400,918
2023-01-03T05:24:38.261Z,api/suppliers?limit=3&offset=14&clientId=8,200,1538
2023-01-16T20:51:47.005Z,api/suppliers?offset=6&supplierId=7&clientId=17,500,2117
2022-11-08T10:12:39.444Z,api/connections?offset=6&supplierId=12&clientId=8,200,2617
2022-11-28T10:40:14.892Z,api/suppliers?offset=10&supplierId=1&clientId=11,200,637
2022-12-11T00:10:40.116Z,api/connections?limit=11&supplierId=4&clientId=18,400,2503
2023-01-18T21:16:31.050Z,api/forms?offset=12&supplierId=11&clientId=3,200,2888
2022-12-17T02:22:22.372Z,api/forms?clientId=9,200,856
2023-01-08T02:02:16.388Z,api/forms?offset=14&clientId=17,200,1333
2022-11-21T16:50:22.485Z,api/connections?offset=13&supplierId=16&clientId=19,200,2518
2022-11-20T07:35:27.756Z,api/suppliers?limit=4&offset=18&supplierId=10&clientId=19,200,1486
2022-11-28T13:57:03.609Z,api/forms?limit=14&supplierId=17&clientId=11,500,2063
2022-12-04T21:48:44.223Z,api/suppliers?offset=5&supplierId=17&clientId=4,400,621
2022-11-16T21:15:37.823Z,api/connections?limit=6&offset=17&clientId=10,200,93
2023-01-31T10:57:02.753Z,api/connections?clientId=5,400,2685
2022-12-14T18:11:04.691Z,api/forms?limit=5&supplierId=19&clientId=1,200,1502
2023-01-10T01:03:59.302Z,api/forms?limit=11&offset=16&supplierId=4&clientId=14,400,216
2022-12-17T20:05:51.335Z,api/forms?supplierId=15&clientId=12,500,1405
2023-01-24T01:35:18.658Z,api/connections?limit=1&offset=14&clientId=15,200,2463
2023-02-01T13:26:40.195Z,api/suppliers?limit=13&supplierId=14&clientId=2,400,937
2022-11-28T00:55:37.791Z,api/forms?limit=8&clientId=19,400,2297
2022-11-17T16:05:10.010Z,api/suppliers?clientId=15,200,1511
2022-12-17T14:08:02.706Z,api/suppliers?limit=11&offset=7&clientId=14,200,2240
2022-12-08T02:32:21.840Z,api/suppliers?offset=10&clientId=12,200,1796
2022-12-31T03:22:06.496Z,api/suppliers?limit=4&offset=17&clientId=15,400,1117
2022-12-10T20:21:01.018Z,api/forms?limit=3&offset=12&supplierId=1&clientId=18,200,2376
2022-11-19T20:34:31.936Z,api/suppliers?limit=15&offset=12&clientId=19,200,2131
2022-12-12T18:27:46.595Z,api/suppliers?limit=11&offset=4&supplierId=13&clientId=3,200,1725
2022-12-29T13:18:24.795Z,api/suppliers?offset=13&supplierId=17&clientId=17,500,1416
2022-12-31T19:29:03.087Z,api/forms?limit=7&supplierId=1&clientId=7,400,1905
2022-12-23T08:48:53.560Z,api/connections?limit=13&clientId=1,500,1412
2022-12-30T05:05:48.334Z,api/suppliers?supplierId=1&clientId=17,500,2306
2023-01-04T04:30:54.934Z,api/forms?limit=10&supplierId=1&clientId=12,500,2002
2022-12-16T00:44:03.279Z,api/forms?supplierId=17&clientId=5,200,866
2023-01-12T17:08:50.625Z,api/suppliers?offset=18&supplierId=11&clientId=0,200,2266
2022-12-25T07:27:13.995Z,api/suppliers?clientId=19,200,2996
2022-12-25T13:59:21.418Z,api/suppliers?limit=18&offset=3&clientId=13,200,1682
2023-01-19T12:18:41.219Z,api/forms?supplierId=2&clientId=14,200,1524
2022-12-31T00:32:06.644Z,api/connections?limit=8&supplierId=7&clientId=12,400,1728
2022-12-02T18:40:04.863Z,api/forms?limit=12&offset=7&clientId=0,400,504
2022-11-10T15:02:59.726Z,api/suppliers?supplierId=5&clientId=4,200,2166
2023-01-31T05:10:06.063Z,api/suppliers?limit=8&offset=11&supplierId=6&clientId=2,500,907
2023-01-29T08:43:13.195Z,api/forms?limit=9&offset=9&clientId=12,400,2982
2023-01-07T06:57:19.562Z,api/connections?limit=8&supplierId=17&clientId=12,200,1210
2023-01-30T18:35:59.795Z,api/forms?limit=11&supplierId=9&clientId=8,400,1171
2023-01-11T23:47:36.000Z,api/forms?offset=19&supplierId=5&clientId=4,200,2768
2022-11-13T22:53:06.592Z,api/forms?limit=2&offset=12&supplierId=1&clientId=4,400,2142
2023-02-03T12:53:32.465Z,api/connections?offset=11&supplierId=8&clientId=16,200,1542
2022-12-01T18:26:36.527Z,api/forms?offset=0&supplierId=1&clientId=5,500,2654
2022-12-25T11:55:39.250Z,api/suppliers?offset=18&supplierId=3&clientId=4,400,2165
2022-12-01T23:57:31.498Z,api/connections?offset=3&clientId=18,400,610
2022-12-31T07:53:28.982Z,api/connections?limit=10&offset=8&supplierId=9&clientId=13,400,1475
2022-11-20T18:22:35.933Z,api/suppliers?offset=12&supplierId=6&clientId=8,200,2443
2022-12-02T22:42:37.611Z,api/connections?offset=16&clientId=16,200,2549
2023-01-31T14:40:12.242Z,api/forms?offset=6&supplierId=3&clientId=9,200,1072
2022-12-15T02:30:07.628Z,api/suppliers?limit=4&supplierId=10&clientId=4,500,1829
2022-12-05T07:09:34.248Z,api/forms?limit=5&clientId=13,400,1764
2022-12-16T11:15:30.560Z,api/forms?limit=5&offset=4&supplierId=2&clientId=10,400,1313
2022-11-30T02:26:40.670Z,api/forms?limit=10&supplierId=5&clientId=3,200,1321
2023-01-05T09:24:55.409Z,api/suppliers?offset=0&clientId=8,200,2265
2022-12-25T15:16:28.881Z,api/connections?clientId=13,200,1977
2023-01-25T01:12:29.426Z,api/connections?offset=18&clientId=14,400,509
2023-01-31T10:21:18.217Z,api/forms?offset=19&clientId=14,400,2024
2023-01-05T11:20:13.580Z,api/connections?limit=16&offset=13&supplierId=7&clientId=14,200,1611
2023-01-03T00:46:10.734Z,api/suppliers?limit=4&supplierId=4&clientId=10,500,770
2022-11-25T01:08:09.539Z,api/suppliers?limit=6&offset=7&clientId=12,200,911
2022-11-09T05:18:13.846Z,api/suppliers?limit=2&offset=16&supplierId=3&clientId=12,200,298
2022-12-14T16:40:51.927Z,api/connections?limit=0&offset=16&supplierId=10&clientId=3,200,335
2022-12-08T16:17:29.167Z,api/forms?limit=3&offset=13&clientId=18,400,2730
2022-12-29T14:27:22.264Z,api/forms?supplierId=4&clientId=14,400,1691
2022-12-23T10:44:05.149Z,api/forms?offset=5&supplierId=19&clientId=2,200,1503
2022-12-09T12:57:56.288Z,api/forms?supplierId=6&clientId=15,200,577
2022-11-28T04:09:03.665Z,api/suppliers?clientId=19,200,2117
2023-01-20T18:29:12.976Z,api/connections?limit=19&supplierId=8&clientId=8,200,1856
2022-12-24T08:49:46.324Z,api/connections?limit=11&offset=8&clientId=16,200,1695
2023-01-19T21:56:11.388Z,api/suppliers?offset=1&supplierId=4&clientId=5,500,2692
2022-12-05T14:14:03.822Z,api/forms?offset=7&supplierId=13&clientId=1,200,995
2022-11-20T22:16:57.330Z,api/connections?limit=5&offset=16&supplierId=4&clientId=8,200,1983
2023-01-31T00:13:05.140Z,api/suppliers?limit=10&supplierId=0&clientId=2,400,1643
2022-12-12T04:06:24.872Z,api/suppliers?limit=2&clientId=15,200,840
2022-11-11T22:08:44.427Z,api/forms?supplierId=15&clientId=14,200,1234
2023-01-28T09:12:21.764Z,api/connections?limit=10&offset=8&supplierId=8&clientId=3,500,2132
2022-11-10T09:19:32.862Z,api/suppliers?limit=18&supplierId=3&clientId=10,400,458
2023-01-08T10:41:15.101Z,api/forms?offset=15&supplierId=0&clientId=18,200,57
2022-12-24T10:00:09.431Z,api/suppliers?limit=8&offset=10&clientId=15,200,2551
2023-01-19T05:36:37.893Z,api/connections?limit=6&offset=11&supplierId=6&clientId=1,200,1061
2022-12-02T19:40:21.919Z,api/connections?limit=1&supplierId=0&clientId=3,200,716
2023-01-04T06:11:48.349Z,api/connections?limit=6&offset=12&supplierId=8&clientId=16,400,476
2023-01-02T13:07:25.432Z,api/suppliers?limit=14&offset=13&clientId=12,400,1427
2022-12-24T06:57:12.374Z,api/connections?offset=16&supplierId=17&clientId=10,200,2432
2023-02-04T03:47:26.646Z,api/connections?limit=3&offset=18&supplierId=12&clientId=11,400,1987
2022-11-14T11:54:00.463Z,api/forms?offset=17&clientId=8,400,489
2022-12-30T04:29:28.991Z,api/connections?offset=1&supplierId=3&clientId=3,200,2194
2023-01-13T03:59:20.943Z,api/connections?limit=16&offset=19&clientId=1,500,380
2022-11-15T14:45:07.672Z,api/suppliers?limit=13&offset=7&clientId=15,200,703
2023-01-11T08:47:08.711Z,api/suppliers?limit=12&offset=1&supplierId=3&clientId=7,200,1956
2022-11-29T14:46:44.208Z,api/suppliers?limit=12&offset=8&clientId=0,400,2977
2022-11-27T17:05:39.608Z,api/connections?offset=1&supplierId=11&clientId=19,200,1723
2022-12-16T07:27:37.104Z,api/connections?offset=6&clientId=14,200,340
2023-02-04T05:50:07.457Z,api/connections?limit=12&offset=14&supplierId=7&clientId=6,200,2817
2023-01-26T18:35:51.926Z,api/forms?offset=18&supplierId=10&clientId=16,400,1648
2022-12-13T05:07:03.432Z,api/connections?limit=16&clientId=3,200,1525
2023-01-30T01:03:25.715Z,api/forms?limit=10&supplierId=17&clientId=8,200,1330
2022-11-24T08:49:04.871Z,api/forms?offset=9&supplierId=4&clientId=2,200,2008
2022-12-06T21:00:05.176Z,api/connections?limit=18&offset=16&supplierId=12&clientId=1,200,259
2022-12-31T19:36:29.712Z,api/suppliers?limit=19&offset=17&clientId=8,500,1589
2022-12-01T02:12:32.328Z,api/connections?offset=10&clientId=0,400,1513
2022-11-16T12:02:24.427Z,api/forms?offset=10&supplierId=13&clientId=0,200,285
2023-01-04T00:02:03.768Z,api/forms?limit=8&offset=9&clientId=10,200,1345
2022-12-25T00:09:52.668Z,api/forms?limit=18&supplierId=3&clientId=1,500,704
2023-01-26T19:39:37.584Z,api/connections?limit=15&clientId=5,400,250
2022-12-25T14:28:46.894Z,api/suppliers?offset=12&clientId=7,400,1023
2023-02-05T02:17:56.252Z,api/connections?clientId=6,200,1050
2022-12-25T22:43:51.087Z,api/forms?clientId=1,200,1476
2022-11-19T20:44:00.444Z,api/connections?limit=12&supplierId=18&clientId=18,400,1706
2022-12-03T07:06:49.412Z,api/connections?limit=13&supplierId=17&clientId=5,200,2013
2023-01-26T16:02:23.457Z,api/connections?supplierId=0&clientId=18,400,1758
2023-01-04T09:21:09.910Z,api/forms?limit=5&offset=17&supplierId=8&clientId=14,500,1730
2022-12-18T13:47:36.829Z,api/suppliers?limit=12&offset=2&supplierId=11&clientId=2,400,133
2022-12-15T15:20:19.504Z,api/suppliers?supplierId=3&clientId=13,200,2184
2022-11-28T07:54:23.519Z,api/forms?limit=17&offset=18&supplierId=12&clientId=17,400,1002
2022-11-22T18:07:48.387Z,api/connections?limit=0&offset=11&supplierId=19&clientId=3,200,1970
2022-11-07T18:04:44.019Z,api/connections?clientId=0,400,2191
2023-01-10T02:47:36.871Z,api/forms?offset=12&clientId=17,200,1313
2022-11-28T15:19:08.379Z,api/connections?limit=9&supplierId=11&clientId=19,200,443
2022-12-21T20:41:09.070Z,api/forms?limit=5&offset=10&clientId=11,200,2293
2023-01-29T15:38:41.052Z,api/connections?limit=19&offset=10&supplierId=13&clientId=7,400,2557
2023-01-30T11:14:33.647Z,api/forms?limit=5&offset=17&supplierId=8&clientId=18,200,2648
2023-01-09T23:11:50.304Z,api/forms?limit=10&supplierId=5&clientId=2,200,2882
2022-12-13T00:50:57.523Z,api/forms?offset=11&clientId=4,200,272
2022-12-29T17:30:06.712Z,api/connections?supplierId=8&clientId=17,400,2273
2023-01-21T00:10:12.547Z,api/suppliers?offset=9&clientId=2,200,2519
2022-11-13T12:28:30.666Z,api/suppliers?limit=5&offset=13&clientId=0,400,366
2022-11-15T01:05:01.225Z,api/suppliers?offset=0&supplierId=17&clientId=15,200,2687
2022-11-08T17:07:06.924Z,api/suppliers?limit=3&offset=1&supplierId=6&clientId=2,200,156
2022-12-14T01:39:04.545Z,api/connections?limit=13&supplierId=11&clientId=4,400,2237
2023-01-14T11:53:33.259Z,api/suppliers?limit=16&offset=11&supplierId=10&clientId=5,200,729
2023-01-25T13:44:41.615Z,api/connections?limit=10&clientId=19,500,697
2023-02-02T18:29:34.359Z,api/connections?limit=1&clientId=19,400,1004
2022-11-30T19:18:34.709Z,api/suppliers?offset=2&supplierId=9&clientId=7,400,226
2023-01-30T22:48:48.322Z,api/forms?offset=3&supplierId=7&clientId=15,200,2349
2022-11-14T11:41:55.436Z,api/forms?offset=17&clientId=8,400,2125
2022-12-05T04:24:50.906Z,api/suppliers?limit=11&offset=13&clientId=7,200,2327
2022-12-23T03:43:58.164Z,api/connections?offset=1&clientId=1,400,2815
2022-11-16T08:25:59.528Z,api/forms?supplierId=1&clientId=15,400,2248
2022-12-31T02:42:02.898Z,api/forms?limit=0&offset=14&clientId=1,400,535
2023-01-11T17:50:43.663Z,api/forms?limit=6&offset=10&clientId=7,200,1466
2022-12-24T00:41:34.309Z,api/connections?limit=2&supplierId=10&clientId=6,200,1538
2022-11-20T21:10:41.666Z,api/connections?limit=6&offset=4&clientId=18,400,2606
2023-01-13T00:10:47.670Z,api/forms?offset=14&clientId=19,200,190
2022-11-27T13:03:24.862Z,api/connections?limit=16&offset=6&supplierId=7&clientId=2,200,175
2023-02-05T05:10:51.142Z,api/forms?offset=8&supplierId=2&clientId=0,200,937
2023-01-11T13:00:29.101Z,api/suppliers?limit=14&supplierId=16&clientId=0,200,50
2022-11-11T03:50:29.615Z,api/forms?supplierId=11&clientId=2,200,1754
2023-01-24T11:23:11.255Z,api/forms?limit=4&clientId=18,500,1043
2022-11-28T20:19:56.035Z,api/suppliers?offset=9&clientId=17,400,1506
2023-01-13T22:33:56.831Z,api/forms?offset=15&supplierId=10&clientId=14,200,1851
2022-12-02T04:08:27.044Z,api/connections?limit=5&offset=11&clientId=0,200,376
2022-11-16T06:07:56.001Z,api/forms?limit=17&offset=16&clientId=16,400,94
2023-01-09T21:27:57.526Z,api/suppliers?supplierId=5&clientId=11,200,2362
2022-11-13T15:32:56.182Z,api/suppliers?limit=12&offset=5&clientId=16,400,2294
2022-11-25T11:38:37.153Z,api/connections?limit=5&offset=8&supplierId=15&clientId=1,400,2377
2023-01-14T23:21:07.037Z,api/suppliers?supplierId=8&clientId=1,200,958
2022-11-07T20:27:47.473Z,api/suppliers?limit=4&offset=9&supplierId=15&clientId=14,500,2823
2023-02-02T09:15:49.711Z,api/forms?limit=10&offset=5&supplierId=2&clientId=19,200,386
2022-12-28T11:46:56.511Z,api/forms?offset=17&supplierId=4&clientId=18,200,1586
2023-01-19T15:08:56.391Z,api/suppliers?offset=10&clientId=12,200,1134
2022-12-29T04:36:42.759Z,api/suppliers?offset=9&clientId=7,400,971
2022-12-20T02:29:49.129Z,api/forms?limit=17&clientId=3,400,419
2022-11-12T18:14:24.642Z,api/connections?limit=13&supplierId=0&clientId=18,200,1991
2022-12-29T17:42:49.077Z,api/forms?limit=3&offset=16&clientId=12,200,1056
2023-01-31T02:19:21.782Z,api/connections?limit=17&offset=19&clientId=3,400,2016
2023-01-08T11:32:50.643Z,api/forms?limit=18&supplierId=4&clientId=6,400,566
2022-11-21T22:48:45.083Z,api/forms?offset=6&clientId=4,200,734
2022-12-05T23:43:49.489Z,api/connections?clientId=17,200,254
2022-12-13T14:36:12.148Z,api/forms?offset=18&supplierId=5&clientId=9,400,1870
2022-11-20T01:13:25.333Z,api/suppliers?clientId=5,400,779
2023-01-19T20:18:42.052Z,api/suppliers?offset=4&supplierId=1&clientId=4,400,1712
2022-11-07T18:31:44.818Z,api/suppliers?limit=17&supplierId=11&clientId=4,200,1695
2022-12-08T14:06:02.718Z,api/connections?limit=13&offset=9&clientId=16,500,2003
2023-01-11T16:11:14.672Z,api/forms?limit=19&supplierId=1&clientId=3,200,919
2023-01-12T05:00:29.388Z,api/forms?limit=10&offset=11&supplierId=17&clientId=1,400,2789
2023-01-13T15:14:30.017Z,api/connections?clientId=18,500,857
2022-12-05T13:05:04.646Z,api/connections?limit=14&supplierId=9&clientId=11,400,1167
2023-02-04T11:55:38.090Z,api/forms?offset=11&supplierId=7&clientId=0,200,2114
2022-12-12T10:15:58.068Z,api/forms?limit=16&clientId=0,500,2167
2022-12-24T19:54:51.092Z,api/connections?limit=4&supplierId=15&clientId=8,200,2122
2022-12-21T17:47:10.127Z,api/connections?limit=1&offset=13&supplierId=17&clientId=2,200,2125
2022-11-19T21:06:30.156Z,api/connections?limit=9&offset=0&supplierId=19&clientId=16,200,2721
2023-01-13T15:35:53.556Z,api/forms?limit=0&offset=14&clientId=10,200,541
2023-01-27T21:15:13.657Z,api/forms?offset=19&supplierId=11&clientId=3,500,2859
2022-12-24T01:19:23.586Z,api/forms?offset=17&clientId=12,200,2393
2022-11-29T15:20:04.973Z,api/connections?supplierId=10&clientId=12,200,979
2023-01-17T20:56:37.937Z,api/suppliers?offset=15&clientId=18,200,2832
2023-01-22T07:40:41.868Z,api/suppliers?offset=10&supplierId=10&clientId=12,400,2956
2023-02-01T04:30:03.113Z,api/suppliers?limit=14&supplierId=6&clientId=12,200,2648
2023-01-22T19:02:27.202Z,api/connections?limit=8&clientId=0,400,2179
2022-11-17T09:19:02.710Z,api/forms?limit=19&clientId=4,200,85
2022-12-02T11:28:30.447Z,api/forms?offset=16&supplierId=0&clientId=18,400,1356
2022-11-21T13:58:46.197Z,api/connections?limit=4&supplierId=1&clientId=10,200,1934
2022-12-10T07:42:32.421Z,api/forms?limit=5&offset=18&clientId=16,400,1871
2022-12-02T02:19:35.314Z,api/connections?limit=3&offset=17&supplierId=10&clientId=6,400,1560
2022-11-30T08:42:30.674Z,api/suppliers?limit=10&offset=6&clientId=2,200,1511
2022-11-30T07:54:48.573Z,api/forms?limit=8&offset=14&supplierId=2&clientId=5,200,432
2023-01-19T15:27:35.623Z,api/forms?offset=14&supplierId=11&clientId=18,400,2019
2022-11-15T00:16:04.869Z,api/forms?supplierId=11&clientId=19,400,35
2022-12-15T21:04:16.898Z,api/connections?limit=7&offset=4&clientId=5,400,147
2022-12-25T09:33:10.513Z,api/forms?supplierId=3&clientId=2,200,108
2022-12-23T20:55:27.405Z,api/suppliers?offset=14&clientId=5,200,2492
2022-12-13T07:59:29.038Z,api/suppliers?clientId=6,400,470
2023-01-05T21:05:17.591Z,api/suppliers?supplierId=16&clientId=19,200,2088
2022-12-26T20:14:40.282Z,api/suppliers?limit=8&offset=18&supplierId=19&clientId=3,200,1848
2022-12-27T22:46:38.184Z,api/forms?limit=10&offset=2&clientId=0,400,1972
2022-11-21T07:13:57.195Z,api/connections?limit=10&offset=7&supplierId=2&clientId=12,200,2677
2022-12-09T20:08:39.996Z,api/forms?limit=16&supplierId=1&clientId=3,500,2462
2022-12-07T08:23:49.017Z,api/connections?limit=14&clientId=14,200,1732
2022-11-08T08:50:15.503Z,api/forms?clientId=12,400,506
2023-01-23T23:22:36.017Z,api/connections?limit=13&supplierId=8&clientId=12,400,2920
2022-12-31T08:48:05.735Z,api/forms?offset=3&supplierId=0&clientId=0,400,1336
2022-12-20T12:47:37.556Z,api/forms?offset=7&supplierId=6&clientId=14,200,590
2023-01-04T14:22:06.486Z,api/connections?offset=15&supplierId=3&clientId=12,500,474
2022-12-30T10:47:29.437Z,api/suppliers?offset=12&clientId=5,400,1619
2023-01-12T07:41:01.648Z,api/forms?limit=7&offset=4&clientId=2,400,1564
2022-12-16T01:40:16.486Z,api/forms?limit=17&offset=8&supplierId=10&clientId=14,200,628
2023-01-01T14:19:46.013Z,api/forms?limit=12&offset=17&supplierId=17&clientId=16,200,2045
2023-01-25T12:07:21.302Z,api/connections?offset=12&clientId=5,200,2573
2022-12-09T09:17:03.208Z,api/forms?limit=7&clientId=8,200,200
2022-12-08T05:47:16.087Z,api/connections?supplierId=17&clientId=10,200,323
2022-12-25T10:18:53.075Z,api/connections?supplierId=10&clientId=17,200,2844
2022-12-22T11:09:16.126Z,api/suppliers?limit=18&supplierId=5&clientId=1,400,2967
2022-11-25T11:58:57.234Z,api/forms?clientId=2,400,3
2022-12-12T13:07:53.956Z,api/suppliers?supplierId=8&clientId=8,400,2263
2023-01-16T19:48:48.422Z,api/forms?offset=16&clientId=12,200,32
2023-01-11T14:28:49.476Z,api/suppliers?limit=9&offset=15&clientId=10,200,106
2022-11-13T06:02:58.668Z,api/suppliers?supplierId=14&clientId=0,400,2358
2022-12-24T23:41:18.716Z,api/connections?clientId=15,500,2541
2022-12-26T11:57:22.536Z,api/suppliers?offset=13&supplierId=7&clientId=17,500,718
2023-01-07T08:54:47.275Z,api/suppliers?limit=3&offset=9&supplierId=19&clientId=6,200,397
2022-11-12T07:50:21.758Z,api/forms?offset=4&supplierId=8&clientId=14,400,45
2022-12-05T04:48:57.310Z,api/connections?supplierId=8&clientId=2,200,1663
2023-02-02T04:47:58.288Z,api/suppliers?supplierId=1&clientId=15,400,2960
2022-12-07T15:44:41.846Z,api/connections?offset=10&supplierId=19&clientId=9,400,765
2023-01-06T02:42:57.322Z,api/suppliers?limit=18&clientId=1,200,872
2022-11-21T21:11:20.105Z,api/connections?limit=5&supplierId=15&clientId=15,400,469
2022-11-24T10:56:04.428Z,api/connections?offset=0&clientId=0,200,2501
2022-11-12T15:53:40.811Z,api/connections?offset=7&supplierId=1&clientId=13,400,1430
2022-11-15T11:25:36.499Z,api/connections?limit=10&offset=0&clientId=8,200,335
2023-01-16T10:13:13.140Z,api/suppliers?limit=11&offset=15&supplierId=15&clientId=3,200,1619
2022-11-23T04:04:49.229Z,api/connections?limit=0&clientId=9,500,202
2023-01-14T22:15:19.680Z,api/suppliers?offset=5&supplierId=5&clientId=7,200,869
2022-12-24T02:12:10.306Z,api/forms?limit=19&offset=10&supplierId=19&clientId=13,400,626
2023-01-06T05:50:17.684Z,api/connections?offset=18&clientId=2,400,2860
2022-11-23T18:55:24.005Z,api/connections?limit=14&offset=14&clientId=1,200,676
2023-01-10T23:11:01.854Z,api/forms?offset=5&supplierId=1&clientId=13,200,2719
2022-12-19T03:12:25.444Z,api/forms?limit=4&offset=18&supplierId=8&clientId=18,200,431
2022-12-13T22:14:51.595Z,api/suppliers?limit=10&offset=18&supplierId=10&clientId=2,400,1469
2023-01-15T06:47:54.657Z,api/connections?offset=2&clientId=8,200,2374
2022-12-09T16:17:02.944Z,api/suppliers?limit=2&offset=1&supplierId=11&clientId=16,200,810
2022-11-16T10:15:38.902Z,api/suppliers?supplierId=8&clientId=7,200,2859
2022-11-09T13:53:41.156Z,api/connections?limit=16&offset=17&clientId=14,200,495
2023-01-04T01:17:09.176Z,api/forms?offset=3&supplierId=0&clientId=11,400,2904
2023-02-03T15:38:11.216Z,api/suppliers?supplierId=12&clientId=13,200,822
2022-12-05T11:52:17.205Z,api/suppliers?supplierId=10&clientId=11,200,1544
2022-11-16T10:08:51.114Z,api/suppliers?offset=7&supplierId=17&clientId=18,400,1302
2023-01-03T13:38:41.199Z,api/suppliers?clientId=17,400,505
2022-12-12T04:21:18.119Z,api/suppliers?limit=17&offset=19&supplierId=4&clientId=10,400,335
2023-01-05T10:39:32.579Z,api/forms?limit=10&offset=17&clientId=7,500,2006
2022-12-01T00:58:36.667Z,api/suppliers?offset=0&clientId=15,200,550
2022-12-31T07:16:58.319Z,api/forms?supplierId=6&clientId=18,200,434
2022-11-13T05:29:17.870Z,api/forms?limit=4&offset=8&supplierId=12&clientId=17,500,1486
2023-01-01T11:31:26.866Z,api/connections?limit=0&offset=2&supplierId=1&clientId=16,200,2195
2022-11-18T04:22:05.411Z,api/connections?offset=7&supplierId=0&clientId=15,200,1504
2022-11-11T17:40:16.934Z,api/connections?supplierId=0&clientId=18,400,2156
2022-12-16T23:16:35.772Z,api/suppliers?offset=7&supplierId=7&clientId=1,500,2753
2023-01-03T03:52:22.013Z,api/forms?offset=0&clientId=1,400,1723
2023-01-05T20:13:07.812Z,api/forms?limit=19&clientId=1,200,117
2022-11-24T05:26:15.453Z,api/forms?limit=13&offset=7&supplierId=0&clientId=10,200,2256
2022-12-06T07:23:04.208Z,api/suppliers?offset=18&supplierId=6&clientId=2,500,2263
2023-01-24T05:23:49.117Z,api/forms?clientId=7,400,1708
2022-11-24T11:40:54.038Z,api/connections?clientId=2,200,220
2023-01-16T08:10:40.307Z,api/forms?offset=1&clientId=4,200,2355
2023-01-13T19:43:22.740Z,api/suppliers?limit=18&offset=4&clientId=16,400,1702
2023-01-17T15:26:00.922Z,api/suppliers?supplierId=14&clientId=11,500,842
2023-01-18T13:09:10.496Z,api/forms?offset=0&clientId=4,400,1138
2022-11-29T22:35:40.789Z,api/suppliers?limit=4&offset=12&supplierId=4&clientId=3,400,535
2022-12-27T15:16:32.612Z,api/suppliers?limit=13&clientId=18,400,1724
2023-01-30T21:18:59.385Z,api/connections?offset=4&clientId=0,500,184
2022-11-08T17:17:53.897Z,api/forms?offset=11&supplierId=12&clientId=14,200,484
2023-01-23T12:51:23.177Z,api/suppliers?offset=0&supplierId=4&clientId=0,200,887
2023-01-01T01:12:48.856Z,api/forms?offset=3&supplierId=12&clientId=15,400,1517
2023-01-13T10:25:33.179Z,api/connections?supplierId=14&clientId=8,200,1372
2023-01-02T23:39:57.076Z,api/connections?offset=17&supplierId=12&clientId=19,400,1239
2022-12-29T08:23:58.466Z,api/forms?clientId=14,500,597
2023-02-05T11:33:23.363Z,api/connections?limit=18&offset=10&clientId=18,200,2397
2022-12-24T22:44:56.150Z,api/connections?limit=15&offset=0&clientId=9,400,434
2023-01-24T12:06:06.853Z,api/forms?limit=16&clientId=7,200,285
2022-12-12T09:36:37.220Z,api/suppliers?limit=5&offset=6&supplierId=0&clientId=2,400,711
2023-01-07T08:40:31.402Z,api/suppliers?offset=0&supplierId=1&clientId=4,200,41
2023-01-05T23:59:06.548Z,api/connections?offset=2&supplierId=8&clientId=2,500,1758
2023-01-08T00:39:39.329Z,api/connections?limit=19&clientId=18,400,372
2022-11-11T06:22:51.871Z,api/connections?supplierId=3&clientId=8,500,2892
2023-01-15T07:16:52.416Z,api/forms?limit=8&offset=11&clientId=2,500,2865
2022-12-04T22:34:34.708Z,api/connections?limit=3&clientId=18,500,1543
2023-01-17T23:29:51.611Z,api/forms?offset=2&supplierId=17&clientId=2,500,434
2022-11-15T01:46:38.522Z,api/suppliers?clientId=10,200,1499
2022-11-27T10:02:47.635Z,api/forms?clientId=19,500,2572
2022-11-10T08:22:50.833Z,api/suppliers?clientId=5,400,2097
2022-11-14T13:00:29.405Z,api/suppliers?supplierId=10&clientId=12,200,2365
2022-12-28T11:20:14.270Z,api/forms?limit=16&offset=14&supplierId=1&clientId=3,200,1179
2022-11-16T15:14:20.928Z,api/forms?limit=12&offset=3&clientId=10,400,900
2022-12-25T11:21:03.342Z,api/connections?offset=18&supplierId=7&clientId=9,200,1008
2022-11-19T19:56:20.238Z,api/forms?limit=0&supplierId=15&clientId=12,400,1187
2022-12-11T01:27:45.295Z,api/suppliers?limit=9&offset=0&supplierId=13&clientId=9,200,2198
2022-11-16T20:31:10.281Z,api/connections?offset=16&clientId=9,200,2891
2022-12-24T20:39:36.789Z,api/connections?offset=19&clientId=8,200,2607
2023-01-16T05:41:59.707Z,api/suppliers?limit=8&offset=4&supplierId=6&clientId=14,200,2484
2023-01-08T09:59:04.434Z,api/connections?limit=12&offset=19&supplierId=16&clientId=9,400,338
2022-12-28T09:27:59.755Z,api/forms?offset=3&clientId=0,200,1441
2023-01-28T01:14:27.040Z,api/connections?limit=18&offset=19&supplierId=5&clientId=8,200,1048
2023-01-29T03:16:35.766Z,api/connections?offset=19&supplierId=13&clientId=13,200,1854
2022-11-28T18:22:04.280Z,api/suppliers?limit=19&offset=15&supplierId=1&clientId=2,200,2814
2023-01-16T11:38:00.695Z,api/connections?limit=17&offset=8&supplierId=12&clientId=15,200,495
2023-01-30T16:10:44.983Z,api/connections?offset=14&clientId=7,200,1740
2022-11-15T07:16:55.014Z,api/forms?limit=12&clientId=3,400,53
2022-12-01T19:16:17.773Z,api/forms?limit=17&offset=17&supplierId=7&clientId=2,400,615
2023-01-24T02:43:12.816Z,api/forms?limit=4&supplierId=6&clientId=7,500,1714
2022-12-17T09:33:28.869Z,api/connections?offset=11&supplierId=17&clientId=18,400,1717
2023-01-12T08:41:58.401Z,api/suppliers?offset=3&supplierId=15&clientId=7,500,2586
2022-11-15T15:14:49.664Z,api/suppliers?clientId=0,200,2623
2022-12-10T08:06:56.222Z,api/connections?limit=12&clientId=13,400,176
2023-01-08T03:59:48.481Z,api/forms?limit=0&offset=3&supplierId=14&clientId=3,200,2755
2022-12-02T19:43:58.094Z,api/suppliers?limit=13&supplierId=18&clientId=10,400,214
2023-01-09T20:43:40.663Z,api/connections?limit=3&offset=12&clientId=11,400,2912
2023-01-21T22:31:31.250Z,api/forms?limit=5&offset=7&supplierId=17&clientId=16,500,2949
2023-01-17T08:21:45.195Z,api/suppliers?limit=9&offset=1&clientId=17,200,2661
2022-12-25T17:59:21.512Z,api/forms?limit=6&clientId=16,400,1211
2022-11-08T07:47:03.092Z,api/forms?limit=11&offset=4&supplierId=17&clientId=1,200,848
2023-01-26T00:39:28.449Z,api/suppliers?offset=5&clientId=18,200,2761
2022-12-07T00:07:59.314Z,api/suppliers?limit=19&supplierId=6&clientId=16,400,2813
2022-12-20T12:35:05.430Z,api/connections?offset=12&supplierId=10&clientId=16,200,777
2022-12-27T02:22:38.479Z,api/forms?clientId=10,200,1235
2023-01-23T03:42:48.336Z,api/connections?limit=5&clientId=12,500,2839
2022-12-24T14:55:38.244Z,api/connections?limit=16&offset=18&supplierId=5&clientId=19,200,847
2023-01-30T19:34:45.177Z,api/suppliers?limit=10&offset=4&clientId=0,400,2000
2022-11-24T09:00:06.144Z,api/forms?limit=5&offset=2&supplierId=5&clientId=10,400,1526
2023-01-10T00:36:06.682Z,api/connections?limit=12&supplierId=4&clientId=1,200,1545
2023-01-28T01:08:40.398Z,api/forms?offset=11&supplierId=12&clientId=18,200,1253
2022-12-18T17:13:36.463Z,api/suppliers?limit=12&offset=3&clientId=16,200,244
2023-01-20T04:56:25.051Z,api/forms?offset=2&supplierId=14&clientId=19,400,1706
2022-12-18T10:40:01.939Z,api/suppliers?limit=9&supplierId=13&clientId=13,200,188
2022-11-09T18:44:35.703Z,api/suppliers?limit=19&clientId=2,200,1367
2023-01-30T04:30:30.334Z,api/connections?supplierId=11&clientId=17,500,1551
2022-12-14T05:00:39.320Z,api/forms?limit=10&offset=12&clientId=9,200,1280
2022-12-13T13:13:57.710Z,api/suppliers?limit=0&clientId=17,200,1852
2023-01-08T02:06:21.155Z,api/connections?supplierId=15&clientId=3,400,1496
2023-02-04T17:35:32.350Z,api/suppliers?offset=12&supplierId=16&clientId=15,400,1898
2022-11-18T06:46:48.635Z,api/forms?offset=18&supplierId=11&clientId=10,200,2230
2022-11-14T19:26:00.740Z,api/suppliers?limit=11&offset=11&supplierId=6&clientId=0,200,1998
2023-01-15T19:07:12.983Z,api/suppliers?limit=11&offset=11&supplierId=18&clientId=9,200,2284
2022-11-18T11:57:54.024Z,api/connections?clientId=13,200,377
2022-12-19T01:30:36.989Z,api/suppliers?limit=9&offset=4&supplierId=19&clientId=13,200,1364
2023-01-28T13:14:45.868Z,api/forms?limit=1&clientId=2,200,1976
2023-01-26T18:06:07.668Z,api/forms?limit=10&supplierId=10&clientId=12,500,587
2023-02-04T19:42:15.278Z,api/connections?limit=4&offset=11&supplierId=11&clientId=4,200,1860
2023-01-21T04:15:20.610Z,api/suppliers?limit=1&offset=17&supplierId=5&clientId=12,200,2738
2023-01-08T02:37:03.073Z,api/suppliers?limit=10&offset=10&supplierId=12&clientId=1,200,1001
2022-12-27T08:25:48.760Z,api/suppliers?clientId=15,400,455
2022-11-22T14:18:13.443Z,api/forms?offset=14&clientId=16,400,2024
2023-01-10T15:56:34.637Z,api/forms?limit=12&supplierId=9&clientId=9,200,2301
2022-12-17T14:40:40.239Z,api/suppliers?limit=6&clientId=17,400,891
2022-11-11T20:39:48.268Z,api/forms?limit=7&offset=9&clientId=13,500,2444
2023-01-26T14:09:21.368Z,api/suppliers?limit=1&supplierId=12&clientId=19,200,2092
2023-01-06T03:35:22.818Z,api/forms?limit=16&offset=19&supplierId=7&clientId=14,400,335
2023-01-07T17:56:58.054Z,api/suppliers?offset=1&clientId=19,500,2017
2022-11-14T22:39:36.111Z,api/suppliers?limit=14&offset=7&supplierId=1&clientId=10,400,286
2022-12-31T06:58:10.539Z,api/suppliers?supplierId=12&clientId=4,200,1286
2022-12-27T09:20:51.533Z,api/suppliers?offset=2&supplierId=12&clientId=17,400,1626
2022-12-08T18:35:44.755Z,api/suppliers?limit=4&offset=15&clientId=3,200,301
2022-11-09T04:43:19.495Z,api/connections?offset=10&clientId=19,200,1585
2023-01-20T14:09:54.565Z,api/forms?limit=10&offset=6&clientId=15,200,1174
2022-12-02T15:04:55.678Z,api/connections?limit=6&offset=6&clientId=12,400,1615
2022-11-09T14:30:41.934Z,api/connections?limit=0&offset=4&supplierId=4&clientId=17,200,2495
2023-01-28T17:34:15.179Z,api/connections?limit=4&offset=8&supplierId=0&clientId=0,200,2503
2022-12-25T10:37:54.446Z,api/suppliers?limit=5&clientId=13,400,1620
2022-11-09T16:03:33.872Z,api/connections?limit=15&offset=5&supplierId=0&clientId=1,400,2018
2022-11-18T06:45:29.042Z,api/connections?supplierId=18&clientId=6,200,1238
2022-12-27T15:55:27.313Z,api/forms?limit=9&supplierId=0&clientId=14,400,1643
2022-12-21T08:35:04.142Z,api/suppliers?clientId=15,400,118
2022-12-15T15:37:03.396Z,api/connections?limit=11&offset=3&supplierId=8&clientId=16,200,897
2022-12-01T07:52:37.185Z,api/connections?limit=16&offset=12&clientId=13,200,1906
2022-11-12T21:35:31.946Z,api/connections?supplierId=14&clientId=3,400,1302
2022-12-11T16:27:10.654Z,api/connections?limit=11&offset=19&supplierId=19&clientId=2,200,2358
2023-01-24T12:29:25.797Z,api/suppliers?limit=3&supplierId=9&clientId=19,400,2436
2022-12-31T08:45:05.794Z,api/suppliers?offset=3&clientId=10,400,317